id,subtotal,zone_code,weight_kg,fee,created_at
1,620000,remote,7.0,70000,2026-01-24
2,760000,inner,18.6,30000,2026-02-22
3,490000,remote,0.9,70000,2026-07-02
4,1240000,inner,5.1,30000,2026-01-18
5,2840000,remote,11.3,70000,2026-07-08
6,80000,suburb,10.7,45000,2026-03-23
7,840000,suburb,8.5,45000,2026-04-25
8,1990000,inner,21.2,30000,2026-02-12
9,1400000,remote,11.6,70000,2026-01-24
10,1980000,inner,7.5,30000,2026-02-18
11,1900000,remote,1.9,70000,2026-04-23
12,1210000,remote,21.4,70000,2026-05-03
13,1990000,inner,16.0,30000,2026-05-15
14,880000,suburb,5.4,45000,2026-06-12
15,410000,suburb,18.3,45000,2026-03-18
16,2410000,inner,24.7,30000,2026-07-09
17,2900000,remote,8.2,70000,2026-04-22
18,1220000,inner,8.0,30000,2026-01-26
19,380000,suburb,21.9,45000,2026-04-19
20,1130000,suburb,22.1,45000,2026-08-13
21,2390000,remote,3.7,70000,2026-03-09
22,2920000,remote,14.7,70000,2026-05-24
23,2090000,remote,24.9,70000,2026-06-08
24,2650000,inner,18.9,30000,2026-08-03
25,830000,inner,17.1,30000,2026-03-26
26,370000,remote,15.0,70000,2026-07-13
27,2750000,suburb,21.5,45000,2026-05-18
28,630000,inner,16.1,30000,2026-05-25
29,1550000,inner,11.5,30000,2026-07-06
30,1390000,remote,22.8,70000,2026-03-17
31,1570000,remote,9.5,70000,2026-04-05
32,2810000,inner,8.2,30000,2026-01-20
33,620000,inner,20.2,30000,2026-06-27
34,340000,inner,23.7,30000,2026-04-19
35,2530000,inner,13.4,30000,2026-02-25
36,700000,inner,4.3,30000,2026-08-18
37,2210000,remote,18.9,70000,2026-04-18
38,1070000,remote,24.9,70000,2026-05-13
39,1960000,remote,11.4,70000,2026-08-17
40,1200000,inner,0.7,30000,2026-02-11
41,1220000,remote,2.0,70000,2026-04-01
42,350000,remote,22.7,70000,2026-04-03
43,410000,suburb,16.8,45000,2026-04-09
44,2810000,inner,23.4,30000,2026-03-24
45,2470000,remote,11.9,70000,2026-04-26
46,1020000,suburb,16.5,45000,2026-02-04
47,2210000,suburb,21.6,45000,2026-07-15
48,550000,inner,18.3,30000,2026-01-13
49,1320000,inner,13.5,30000,2026-04-07
50,2210000,inner,11.7,30000,2026-03-09
51,2310000,inner,16.4,30000,2026-02-02
52,120000,remote,21.2,70000,2026-02-25
53,2130000,inner,5.5,30000,2026-08-16
54,350000,suburb,0.3,45000,2026-03-13
55,1400000,suburb,10.7,45000,2026-08-10
56,2890000,remote,4.9,70000,2026-08-05
57,340000,inner,8.0,30000,2026-01-24
58,2490000,inner,24.0,30000,2026-03-02
59,1000000,inner,1.9,30000,2026-02-20
60,2110000,inner,6.3,30000,2026-02-19
61,250000,remote,16.5,70000,2026-02-14
62,2720000,remote,5.3,70000,2026-06-09
63,1650000,remote,10.0,70000,2026-04-09
64,1580000,remote,23.2,70000,2026-08-11
65,90000,inner,25.0,30000,2026-08-20
66,420000,inner,6.8,30000,2026-04-17
67,400000,suburb,7.3,45000,2026-04-12
68,2830000,suburb,24.6,45000,2026-05-20
69,2750000,remote,20.5,70000,2026-01-22
70,580000,suburb,3.1,45000,2026-03-09
71,2880000,inner,7.2,30000,2026-03-09
72,1800000,inner,15.9,30000,2026-04-22
73,2630000,suburb,22.7,45000,2026-08-09
74,520000,inner,7.1,30000,2026-07-27
75,1750000,inner,24.5,30000,2026-03-21
76,2310000,inner,0.4,30000,2026-07-18
77,810000,inner,9.4,30000,2026-01-27
78,800000,remote,1.2,70000,2026-07-05
79,250000,suburb,17.1,45000,2026-06-07
80,570000,remote,14.1,70000,2026-06-25
81,840000,suburb,4.2,45000,2026-04-28
82,2160000,inner,18.5,30000,2026-01-06
83,2150000,suburb,4.1,45000,2026-04-09
84,600000,remote,1.2,70000,2026-07-28
85,1180000,suburb,23.0,45000,2026-04-27
86,1610000,suburb,0.8,45000,2026-04-08
87,2090000,inner,21.6,30000,2026-06-09
88,1840000,suburb,24.5,45000,2026-07-22
89,1740000,remote,22.0,70000,2026-01-04
90,960000,suburb,2.9,45000,2026-05-02
91,1810000,suburb,15.2,45000,2026-06-14
92,640000,remote,4.9,70000,2026-07-19
93,2280000,inner,23.2,30000,2026-01-17
94,1050000,remote,1.9,70000,2026-06-14
95,1740000,remote,21.2,70000,2026-06-22
96,1580000,remote,10.3,70000,2026-05-22
97,1560000,suburb,10.6,45000,2026-03-07
98,940000,suburb,13.8,45000,2026-05-13
99,1600000,inner,10.9,30000,2026-05-07
100,1690000,remote,11.2,70000,2026-08-15
101,2660000,inner,22.5,30000,2026-08-26
102,910000,remote,13.0,70000,2026-02-10
103,1760000,remote,23.8,70000,2026-02-27
104,1630000,inner,5.1,30000,2026-04-26
105,280000,inner,15.4,30000,2026-04-16
106,2380000,inner,14.5,30000,2026-07-21
107,2010000,remote,6.3,70000,2026-08-13
108,70000,remote,10.7,70000,2026-02-25
109,2700000,inner,14.0,30000,2026-08-02
110,2380000,inner,11.7,30000,2026-03-26
111,2910000,remote,22.3,70000,2026-06-25
112,2630000,remote,22.7,70000,2026-07-27
113,860000,suburb,6.6,45000,2026-08-15
114,1460000,inner,6.1,30000,2026-08-21
115,440000,suburb,6.9,45000,2026-05-08
116,2810000,suburb,3.9,45000,2026-02-05
117,830000,suburb,10.5,45000,2026-04-03
118,2820000,suburb,1.7,45000,2026-08-14
119,2040000,suburb,22.0,45000,2026-01-28
120,1990000,remote,23.6,70000,2026-08-01
121,2040000,suburb,18.7,45000,2026-07-18
122,1170000,remote,7.0,70000,2026-08-08
123,190000,suburb,16.8,45000,2026-07-11
124,890000,suburb,24.5,45000,2026-08-05
125,180000,remote,14.2,70000,2026-07-19
126,470000,inner,21.7,30000,2026-07-05
127,300000,inner,8.3,30000,2026-05-13
128,1720000,suburb,22.0,45000,2026-06-25
129,2200000,suburb,2.2,45000,2026-05-27
130,2810000,inner,5.8,30000,2026-01-12
131,250000,inner,5.1,30000,2026-01-08
132,830000,inner,11.9,30000,2026-04-05
133,2930000,inner,17.5,30000,2026-04-15
134,900000,suburb,20.5,45000,2026-02-25
135,600000,suburb,14.5,45000,2026-01-10
136,2080000,suburb,14.9,45000,2026-04-03
137,1290000,remote,19.4,70000,2026-02-23
138,660000,remote,13.4,70000,2026-01-12
139,1940000,remote,16.3,70000,2026-02-17
140,2200000,inner,11.0,30000,2026-08-04
141,2400000,suburb,4.6,45000,2026-03-14
142,1430000,remote,11.0,70000,2026-08-15
143,1420000,remote,6.3,70000,2026-06-28
144,1470000,inner,18.8,30000,2026-08-08
145,1990000,remote,12.5,70000,2026-06-01
146,980000,suburb,9.0,45000,2026-08-07
147,1790000,suburb,17.6,45000,2026-05-20
148,2890000,suburb,23.7,45000,2026-01-17
149,1280000,inner,14.0,30000,2026-07-16
150,2480000,inner,19.9,30000,2026-08-15
151,1550000,inner,17.4,30000,2026-04-13
152,1930000,suburb,13.4,45000,2026-08-18
153,2860000,suburb,17.6,45000,2026-06-12
154,1610000,suburb,3.2,45000,2026-05-08
155,1660000,inner,13.5,30000,2026-02-24
156,990000,remote,18.5,70000,2026-04-07
157,2730000,suburb,20.8,45000,2026-05-04
158,1210000,suburb,7.7,45000,2026-06-06
159,2780000,remote,1.3,70000,2026-03-09
160,2880000,inner,23.6,30000,2026-05-23
161,2560000,remote,0.5,70000,2026-02-28
162,2450000,suburb,8.6,45000,2026-08-15
163,1340000,inner,20.6,30000,2026-08-04
164,2560000,suburb,15.8,45000,2026-02-19
165,820000,inner,14.2,30000,2026-03-26
166,480000,suburb,14.0,45000,2026-04-04
167,1200000,suburb,22.7,45000,2026-07-15
168,2240000,suburb,15.6,45000,2026-05-19
169,550000,remote,5.4,70000,2026-04-21
170,460000,remote,4.5,70000,2026-03-08
171,850000,inner,11.4,30000,2026-01-14
172,2450000,remote,5.9,70000,2026-05-02
173,1490000,remote,17.2,70000,2026-08-03
174,1060000,suburb,13.7,45000,2026-07-04
175,810000,remote,3.7,70000,2026-05-27
176,890000,inner,18.8,30000,2026-05-20
177,1520000,remote,11.8,70000,2026-08-04
178,2110000,suburb,13.6,45000,2026-05-17
179,460000,suburb,18.4,45000,2026-01-14
180,1330000,remote,5.9,70000,2026-01-03
181,2990000,remote,16.9,70000,2026-01-25
182,250000,suburb,13.1,45000,2026-03-16
183,1470000,suburb,11.0,45000,2026-03-19
184,510000,suburb,10.3,45000,2026-08-12
185,580000,suburb,10.4,45000,2026-03-11
186,1520000,suburb,19.1,45000,2026-07-27
187,2370000,inner,6.5,30000,2026-02-11
188,2110000,inner,21.8,30000,2026-01-22
189,2160000,suburb,13.1,45000,2026-01-07
190,2600000,remote,1.5,70000,2026-08-25
191,2860000,suburb,11.1,45000,2026-03-10
192,2530000,remote,24.3,70000,2026-02-01
193,1270000,remote,13.9,70000,2026-03-10
194,2130000,remote,24.8,70000,2026-02-08
195,2410000,inner,20.8,30000,2026-02-21
196,1540000,suburb,20.9,45000,2026-05-14
197,1290000,suburb,3.8,45000,2026-08-18
198,2650000,inner,1.9,30000,2026-03-28
199,1790000,suburb,0.3,45000,2026-05-27
200,1570000,remote,3.9,70000,2026-08-28
201,2520000,remote,13.9,70000,2026-06-11
202,1980000,remote,21.8,70000,2026-08-11
203,1270000,remote,21.4,70000,2026-07-08
204,270000,suburb,11.9,45000,2026-06-24
205,2020000,suburb,24.1,45000,2026-03-16
206,2620000,inner,2.7,30000,2026-06-28
207,560000,suburb,18.1,45000,2026-08-01
208,840000,suburb,19.6,45000,2026-02-16
209,1780000,suburb,2.2,45000,2026-07-21
210,2780000,suburb,15.7,45000,2026-07-11
211,2820000,suburb,1.9,45000,2026-01-20
212,1520000,remote,2.4,70000,2026-04-24
213,560000,inner,17.4,30000,2026-08-06
214,280000,inner,1.6,30000,2026-06-26
215,1960000,suburb,6.3,45000,2026-07-05
216,2940000,suburb,4.5,45000,2026-03-06
217,2000000,remote,22.8,70000,2026-04-16
218,1230000,inner,6.5,30000,2026-08-21
219,90000,suburb,17.0,45000,2026-08-10
220,420000,inner,24.7,30000,2026-08-12
221,2220000,suburb,21.2,45000,2026-05-15
222,2010000,inner,6.1,30000,2026-08-04
223,1880000,remote,7.5,70000,2026-05-23
224,2070000,remote,14.2,70000,2026-05-01
225,300000,remote,22.6,70000,2026-08-27
226,1220000,suburb,16.0,45000,2026-06-08
227,1330000,remote,2.6,70000,2026-03-21
228,250000,remote,11.1,70000,2026-05-26
229,1910000,remote,22.8,70000,2026-03-03
230,2170000,suburb,3.5,45000,2026-03-07
231,1920000,remote,4.3,70000,2026-05-27
232,1560000,suburb,3.1,45000,2026-06-26
233,770000,inner,17.0,30000,2026-04-28
234,2080000,remote,19.8,70000,2026-06-03
235,1400000,inner,9.3,30000,2026-02-15
236,1390000,remote,16.0,70000,2026-07-27
237,600000,suburb,0.8,45000,2026-04-16
238,1720000,remote,1.8,70000,2026-04-21
239,1590000,suburb,3.7,45000,2026-07-04
240,1600000,inner,2.6,30000,2026-08-04
241,740000,remote,9.4,70000,2026-07-15
242,2810000,remote,18.6,70000,2026-07-19
243,2170000,inner,12.3,30000,2026-02-27
244,1480000,suburb,9.4,45000,2026-01-23
245,2320000,suburb,9.2,45000,2026-04-28
246,1930000,remote,10.1,70000,2026-06-02
247,670000,inner,16.6,30000,2026-08-03
248,150000,remote,8.5,70000,2026-01-26
249,2940000,inner,20.8,30000,2026-04-03
250,1110000,remote,21.8,70000,2026-04-27
251,800000,suburb,21.5,45000,2026-01-09
252,710000,inner,4.5,30000,2026-05-26
253,180000,remote,9.1,70000,2026-03-01
254,1700000,inner,6.8,30000,2026-01-06
255,2200000,inner,1.8,30000,2026-02-24
256,1900000,suburb,12.7,45000,2026-02-15
257,270000,remote,16.2,70000,2026-05-15
258,360000,inner,10.2,30000,2026-08-28
259,600000,remote,22.8,70000,2026-08-23
260,460000,inner,3.9,30000,2026-06-20
261,1450000,inner,24.9,30000,2026-06-13
262,1550000,remote,15.2,70000,2026-08-17
263,630000,inner,11.4,30000,2026-04-14
264,2160000,inner,11.4,30000,2026-06-27
265,530000,suburb,8.0,45000,2026-06-14
266,1960000,suburb,23.1,45000,2026-03-22
267,510000,inner,10.9,30000,2026-02-03
268,1950000,remote,1.7,70000,2026-03-18
269,2920000,remote,3.2,70000,2026-06-22
270,2210000,suburb,15.1,45000,2026-01-10
271,580000,suburb,16.5,45000,2026-04-05
272,600000,inner,14.0,30000,2026-06-28
273,1470000,inner,10.8,30000,2026-04-26
274,2900000,remote,23.2,70000,2026-01-20
275,1410000,remote,7.0,70000,2026-01-06
276,1780000,suburb,4.7,45000,2026-06-01
277,2940000,inner,3.7,30000,2026-07-03
278,200000,remote,13.4,70000,2026-02-24
279,2190000,suburb,4.1,45000,2026-08-11
280,1710000,suburb,4.1,45000,2026-02-02
281,300000,remote,11.2,70000,2026-02-09
282,2530000,suburb,7.0,45000,2026-08-14
283,630000,remote,3.0,70000,2026-06-14
284,2540000,remote,5.7,70000,2026-05-02
285,330000,remote,7.7,70000,2026-01-07
286,750000,inner,8.3,30000,2026-05-10
287,2590000,inner,3.4,30000,2026-07-06
288,1220000,remote,10.0,70000,2026-06-03
289,260000,remote,11.6,70000,2026-07-01
290,1650000,inner,10.2,30000,2026-07-19
291,2180000,remote,10.2,70000,2026-05-04
292,920000,suburb,17.3,45000,2026-08-27
293,500000,suburb,2.8,45000,2026-07-28
294,2100000,suburb,21.8,45000,2026-02-13
295,1780000,remote,19.5,70000,2026-04-11
296,2660000,inner,12.8,30000,2026-02-17
297,1840000,suburb,2.7,45000,2026-03-08
298,1060000,suburb,4.0,45000,2026-03-20
299,430000,remote,15.8,70000,2026-03-25
300,2930000,suburb,23.1,45000,2026-08-22
301,1700000,remote,11.1,70000,2026-06-05
302,2310000,suburb,7.0,45000,2026-05-26
303,1850000,inner,11.7,30000,2026-02-10
304,340000,inner,7.3,30000,2026-06-27
305,510000,remote,14.6,70000,2026-07-15
306,260000,remote,14.4,70000,2026-08-26
307,1690000,inner,3.9,30000,2026-08-17
308,2350000,inner,22.5,30000,2026-02-26
309,480000,suburb,6.3,45000,2026-03-02
310,2290000,suburb,9.4,45000,2026-03-12
311,2030000,suburb,8.6,45000,2026-07-25
312,310000,remote,8.4,70000,2026-06-03
313,2020000,remote,18.1,70000,2026-05-09
314,810000,remote,14.7,70000,2026-06-03
315,1840000,inner,17.5,30000,2026-05-21
316,710000,suburb,14.1,45000,2026-02-10
317,1730000,remote,17.6,70000,2026-03-22
318,2740000,remote,16.8,70000,2026-02-21
319,1900000,remote,7.9,70000,2026-01-12
320,1790000,inner,5.8,30000,2026-08-07
321,840000,inner,21.1,30000,2026-02-10
322,2640000,inner,8.6,30000,2026-01-22
323,720000,remote,4.2,70000,2026-07-05
324,890000,remote,10.4,70000,2026-08-02
325,1260000,remote,7.3,70000,2026-08-20
326,2340000,remote,6.1,70000,2026-04-18
327,1040000,suburb,23.7,45000,2026-06-22
328,2410000,suburb,9.7,45000,2026-05-25
329,2190000,remote,5.2,70000,2026-03-27
330,750000,remote,16.1,70000,2026-05-02
331,2880000,suburb,21.2,45000,2026-02-23
332,1500000,inner,4.2,30000,2026-02-25
333,2670000,suburb,11.0,45000,2026-03-27
334,2350000,inner,10.5,30000,2026-06-01
335,2620000,suburb,9.8,45000,2026-06-08
336,1960000,inner,8.1,30000,2026-04-01
337,1760000,inner,1.1,30000,2026-03-05
338,760000,suburb,15.5,45000,2026-08-15
339,140000,inner,20.9,30000,2026-05-07
340,2750000,remote,19.4,70000,2026-07-04
341,1590000,inner,6.1,30000,2026-02-02
342,2390000,remote,20.9,70000,2026-02-04
343,2790000,suburb,13.0,45000,2026-01-21
344,780000,inner,0.2,30000,2026-05-14
345,1280000,suburb,16.7,45000,2026-07-06
346,2730000,inner,23.8,30000,2026-06-03
347,2640000,remote,21.9,70000,2026-01-13
348,2030000,inner,18.7,30000,2026-06-09
349,390000,suburb,18.4,45000,2026-06-08
350,580000,remote,1.3,70000,2026-06-05
351,1780000,remote,19.5,70000,2026-03-27
352,2500000,suburb,3.5,45000,2026-03-26
353,2390000,remote,5.2,70000,2026-01-10
354,260000,inner,13.0,30000,2026-06-10
355,2470000,remote,18.9,70000,2026-05-02
356,1510000,inner,19.6,30000,2026-06-28
357,1740000,remote,20.0,70000,2026-05-04
358,2090000,suburb,8.6,45000,2026-08-13
359,2590000,inner,23.1,30000,2026-08-12
360,1410000,remote,10.7,70000,2026-02-24
361,970000,suburb,2.7,45000,2026-05-11
362,1560000,suburb,15.1,45000,2026-05-15
363,900000,suburb,11.3,45000,2026-08-12
364,1850000,remote,16.1,70000,2026-07-09
365,430000,inner,12.9,30000,2026-07-12
366,860000,remote,21.2,70000,2026-01-05
367,2290000,remote,1.9,70000,2026-01-05
368,1920000,remote,23.7,70000,2026-06-13
369,830000,inner,9.4,30000,2026-08-12
370,2980000,inner,9.3,30000,2026-03-17
371,1470000,suburb,0.8,45000,2026-04-04
372,2600000,inner,3.1,30000,2026-07-18
373,2330000,suburb,7.3,45000,2026-04-20
374,1070000,suburb,21.4,45000,2026-02-05
375,930000,suburb,20.3,45000,2026-08-03
376,1820000,suburb,13.6,45000,2026-02-18
377,850000,suburb,9.2,45000,2026-03-26
378,670000,inner,3.6,30000,2026-04-26
379,180000,suburb,14.4,45000,2026-06-18
380,2870000,suburb,22.1,45000,2026-03-20
381,1630000,inner,18.0,30000,2026-07-23
382,2150000,remote,14.5,70000,2026-07-27
383,1670000,inner,11.8,30000,2026-02-15
384,1810000,remote,19.6,70000,2026-03-27
385,980000,remote,12.7,70000,2026-03-14
386,680000,inner,4.3,30000,2026-03-10
387,1200000,suburb,22.4,45000,2026-06-17
388,1330000,inner,23.9,30000,2026-04-21
389,690000,suburb,13.4,45000,2026-05-20
390,910000,remote,16.5,70000,2026-03-06
391,1770000,remote,21.6,70000,2026-01-27
392,280000,inner,5.4,30000,2026-05-21
393,2180000,remote,22.2,70000,2026-01-16
394,1530000,remote,6.3,70000,2026-05-16
395,2120000,remote,2.0,70000,2026-05-15
396,850000,inner,12.2,30000,2026-08-14
397,1790000,inner,21.6,30000,2026-03-11
398,1810000,suburb,19.1,45000,2026-07-05
399,2920000,remote,6.2,70000,2026-02-11
400,1410000,inner,3.7,30000,2026-08-08
401,1530000,inner,15.5,30000,2026-07-28
402,860000,inner,18.1,30000,2026-06-19
403,860000,inner,11.8,30000,2026-08-17
404,2590000,suburb,23.6,45000,2026-01-03
405,2390000,remote,14.7,70000,2026-04-07
406,300000,inner,15.0,30000,2026-05-16
407,2450000,remote,0.4,70000,2026-05-18
408,2250000,inner,18.2,30000,2026-03-09
409,1920000,suburb,1.5,45000,2026-01-13
410,1040000,remote,7.4,70000,2026-06-18
411,2630000,suburb,13.8,45000,2026-08-25
412,650000,remote,10.0,70000,2026-03-04
413,2900000,suburb,3.8,45000,2026-06-25
414,2650000,remote,1.2,70000,2026-07-17
415,750000,inner,11.9,30000,2026-06-26
416,810000,suburb,23.3,45000,2026-03-11
417,880000,suburb,18.5,45000,2026-07-20
418,1770000,suburb,14.2,45000,2026-08-23
419,130000,suburb,16.9,45000,2026-06-11
420,1620000,suburb,12.0,45000,2026-01-20
421,1210000,remote,12.1,70000,2026-01-19
422,1990000,remote,17.1,70000,2026-03-27
423,2980000,inner,0.7,30000,2026-02-07
424,2190000,suburb,17.3,45000,2026-03-14
425,2610000,suburb,21.2,45000,2026-08-28
426,360000,remote,5.3,70000,2026-03-17
427,2490000,suburb,23.9,45000,2026-07-11
428,2770000,suburb,9.0,45000,2026-06-18
429,1400000,remote,23.9,70000,2026-08-07
430,2900000,suburb,23.5,45000,2026-05-08
431,1520000,suburb,17.7,45000,2026-04-23
432,2500000,suburb,23.4,45000,2026-06-18
433,1450000,remote,14.4,70000,2026-05-04
434,1990000,remote,8.8,70000,2026-07-27
435,1530000,inner,23.9,30000,2026-01-10
436,1820000,inner,6.6,30000,2026-08-21
437,1140000,suburb,13.6,45000,2026-04-27
438,1440000,remote,15.5,70000,2026-03-04
439,1270000,remote,16.8,70000,2026-04-02
440,1200000,remote,2.7,70000,2026-04-02
441,2460000,suburb,19.3,45000,2026-02-22
442,2860000,inner,16.4,30000,2026-03-14
443,2490000,suburb,24.1,45000,2026-04-25
444,1510000,suburb,2.4,45000,2026-01-25
445,1230000,remote,10.6,70000,2026-01-06
446,230000,inner,12.5,30000,2026-07-26
447,1530000,remote,7.6,70000,2026-01-01
448,590000,remote,11.5,70000,2026-06-10
449,2830000,remote,21.3,70000,2026-08-05
450,1440000,suburb,3.0,45000,2026-04-26
451,2390000,inner,4.8,30000,2026-05-23
452,1770000,remote,16.9,70000,2026-05-19
453,940000,inner,10.8,30000,2026-07-27
454,490000,suburb,2.6,45000,2026-07-22
455,2490000,inner,0.4,30000,2026-06-08
456,1250000,suburb,6.8,45000,2026-08-25
457,1590000,suburb,16.4,45000,2026-01-09
458,1250000,remote,3.1,70000,2026-01-22
459,860000,suburb,12.7,45000,2026-07-22
460,1640000,remote,22.9,70000,2026-02-21
461,1930000,suburb,23.9,45000,2026-04-08
462,830000,suburb,24.7,45000,2026-08-24
463,2170000,suburb,13.5,45000,2026-08-25
464,1160000,remote,18.9,70000,2026-04-22
465,2740000,inner,17.7,30000,2026-08-17
466,2930000,inner,20.8,30000,2026-02-02
467,1080000,remote,8.3,70000,2026-03-06
468,2310000,remote,5.3,70000,2026-02-22
469,2550000,remote,11.2,70000,2026-02-17
470,2370000,inner,10.5,30000,2026-03-17
471,340000,remote,20.2,70000,2026-08-22
472,160000,remote,20.4,70000,2026-07-09
473,1160000,remote,10.7,70000,2026-02-02
474,370000,remote,24.7,70000,2026-01-03
475,210000,suburb,4.7,45000,2026-05-14
476,2200000,inner,11.3,30000,2026-06-13
477,1970000,suburb,24.1,45000,2026-02-22
478,730000,remote,4.6,70000,2026-06-04
479,2060000,remote,24.5,70000,2026-03-24
480,160000,inner,16.9,30000,2026-05-15
481,2220000,remote,5.9,70000,2026-07-27
482,1820000,suburb,4.9,45000,2026-03-09
483,620000,remote,16.6,70000,2026-01-26
484,130000,remote,1.9,70000,2026-04-07
485,220000,remote,16.9,70000,2026-08-20
486,1300000,inner,11.1,30000,2026-01-13
487,1160000,remote,12.7,70000,2026-01-05
488,1240000,suburb,15.0,45000,2026-06-19
489,1690000,remote,21.9,70000,2026-04-10
490,2710000,remote,7.7,70000,2026-04-14
491,2900000,inner,17.0,30000,2026-03-21
492,2580000,remote,23.6,70000,2026-01-12
493,2000000,remote,10.5,70000,2026-06-23
494,1580000,inner,18.9,30000,2026-07-06
495,1280000,suburb,21.5,45000,2026-04-10
496,2420000,inner,10.4,30000,2026-01-18
497,2900000,suburb,6.2,45000,2026-03-13
498,1740000,inner,21.2,30000,2026-02-15
499,2790000,inner,6.9,30000,2026-04-02
500,250000,remote,20.2,70000,2026-02-07
501,2910000,remote,5.4,70000,2026-04-16
502,1600000,suburb,23.4,45000,2026-01-07
503,650000,remote,17.5,70000,2026-08-08
504,1090000,remote,13.9,70000,2026-07-08
505,1990000,suburb,16.3,45000,2026-08-18
506,1380000,suburb,22.1,45000,2026-06-17
507,550000,suburb,21.0,45000,2026-08-25
508,1940000,inner,1.3,30000,2026-06-14
509,790000,inner,13.9,30000,2026-01-09
510,2180000,remote,5.1,70000,2026-05-05
511,1990000,inner,13.9,30000,2026-04-16
512,1770000,remote,20.6,70000,2026-05-25
513,2560000,remote,18.4,70000,2026-08-06
514,910000,suburb,13.8,45000,2026-03-24
515,2820000,inner,1.0,30000,2026-01-17
516,290000,inner,3.6,30000,2026-01-14
517,1230000,remote,3.9,70000,2026-02-23
518,2630000,inner,1.7,30000,2026-08-12
519,2520000,remote,0.4,70000,2026-08-01
520,2150000,remote,13.3,70000,2026-01-01
521,2790000,suburb,12.7,45000,2026-05-01
522,2250000,remote,23.0,70000,2026-03-04
523,810000,remote,15.6,70000,2026-04-07
524,1860000,suburb,10.0,45000,2026-05-26
525,2120000,suburb,6.2,45000,2026-08-19
526,1200000,remote,20.7,70000,2026-05-22
527,210000,inner,9.6,30000,2026-02-13
528,2480000,remote,0.4,70000,2026-01-21
529,470000,inner,11.0,30000,2026-08-28
530,2940000,suburb,23.0,45000,2026-02-17
531,1130000,inner,1.4,30000,2026-08-09
532,1480000,inner,23.2,30000,2026-01-06
533,130000,suburb,3.8,45000,2026-04-19
534,2080000,remote,4.2,70000,2026-02-10
535,2950000,inner,22.4,30000,2026-07-22
536,2010000,suburb,24.7,45000,2026-03-26
537,450000,remote,2.6,70000,2026-06-02
538,430000,inner,19.3,30000,2026-06-20
539,2080000,remote,15.9,70000,2026-06-01
540,2560000,suburb,13.9,45000,2026-04-12
541,2260000,suburb,14.7,45000,2026-03-22
542,480000,suburb,6.3,45000,2026-05-26
543,470000,inner,9.6,30000,2026-05-05
544,830000,remote,9.1,70000,2026-07-11
545,70000,inner,9.1,30000,2026-05-15
546,570000,suburb,4.8,45000,2026-03-03
547,2900000,suburb,0.9,45000,2026-07-04
548,2880000,suburb,15.0,45000,2026-02-20
549,2020000,suburb,10.5,45000,2026-01-10
550,2910000,inner,13.1,30000,2026-04-19
551,1990000,remote,6.9,70000,2026-03-05
552,2570000,suburb,4.3,45000,2026-03-03
553,2200000,suburb,19.6,45000,2026-05-16
554,1330000,suburb,15.7,45000,2026-04-24
555,1050000,remote,3.6,70000,2026-08-04
556,2070000,inner,15.6,30000,2026-06-27
557,2300000,suburb,20.4,45000,2026-06-14
558,740000,remote,15.2,70000,2026-05-11
559,1070000,remote,4.6,70000,2026-08-11
560,1680000,suburb,17.4,45000,2026-05-24
561,2990000,suburb,9.5,45000,2026-04-11
562,1910000,suburb,5.2,45000,2026-02-19
563,970000,remote,11.6,70000,2026-01-24
564,1120000,remote,7.4,70000,2026-08-26
565,400000,remote,12.6,70000,2026-07-22
566,1600000,remote,16.5,70000,2026-04-09
567,2210000,remote,11.3,70000,2026-07-03
568,2500000,remote,12.8,70000,2026-07-18
569,2190000,remote,24.2,70000,2026-01-26
570,2790000,remote,19.3,70000,2026-02-04
571,1860000,remote,15.4,70000,2026-03-21
572,2090000,remote,10.9,70000,2026-06-26
573,550000,inner,12.9,30000,2026-05-08
574,2900000,remote,9.5,70000,2026-04-15
575,2610000,suburb,24.9,45000,2026-03-12
576,580000,suburb,23.0,45000,2026-05-14
577,640000,inner,7.9,30000,2026-03-12
578,1100000,suburb,12.0,45000,2026-08-12
579,2360000,suburb,7.6,45000,2026-06-03
580,630000,remote,8.7,70000,2026-01-28
581,890000,inner,4.5,30000,2026-04-17
582,1740000,inner,6.0,30000,2026-07-15
583,990000,suburb,16.5,45000,2026-03-21
584,190000,suburb,14.9,45000,2026-04-15
585,70000,suburb,7.1,45000,2026-04-07
586,370000,remote,21.8,70000,2026-02-26
587,1920000,inner,11.5,30000,2026-06-07
588,2550000,suburb,9.8,45000,2026-06-20
589,630000,suburb,21.2,45000,2026-06-12
590,930000,remote,14.8,70000,2026-05-20
591,730000,remote,6.1,70000,2026-06-04
592,980000,inner,3.7,30000,2026-06-23
593,2190000,suburb,9.7,45000,2026-03-19
594,2540000,inner,4.3,30000,2026-03-18
595,760000,suburb,21.1,45000,2026-03-11
596,320000,remote,12.2,70000,2026-06-01
597,2010000,inner,17.2,30000,2026-08-14
598,2320000,suburb,2.3,45000,2026-08-06
599,1170000,inner,7.0,30000,2026-05-02
600,1520000,remote,11.5,70000,2026-03-25
601,2580000,remote,3.0,70000,2026-02-19
602,1920000,remote,18.0,70000,2026-01-25
603,1160000,remote,18.5,70000,2026-07-04
604,1310000,remote,25.0,70000,2026-05-28
605,1390000,suburb,20.5,45000,2026-06-28
606,650000,suburb,20.3,45000,2026-04-07
607,1840000,remote,15.5,70000,2026-07-06
608,1100000,inner,8.9,30000,2026-01-19
609,2800000,suburb,24.5,45000,2026-03-11
610,1530000,suburb,13.0,45000,2026-05-28
611,530000,remote,19.7,70000,2026-03-25
612,1460000,inner,21.7,30000,2026-03-23
613,790000,inner,6.3,30000,2026-06-27
614,2060000,remote,14.5,70000,2026-08-05
615,2170000,suburb,2.1,45000,2026-07-15
616,2110000,inner,23.4,30000,2026-05-23
617,2370000,suburb,14.6,45000,2026-08-11
618,520000,remote,16.7,70000,2026-08-21
619,370000,suburb,24.2,45000,2026-07-07
620,2580000,inner,20.7,30000,2026-05-11
621,2850000,suburb,21.3,45000,2026-03-19
622,290000,suburb,15.7,45000,2026-01-04
623,130000,suburb,4.1,45000,2026-02-28
624,50000,suburb,24.9,45000,2026-07-07
625,1590000,inner,23.3,30000,2026-03-28
626,520000,suburb,2.2,45000,2026-06-09
627,890000,remote,15.7,70000,2026-01-13
628,1240000,remote,2.5,70000,2026-07-21
629,50000,inner,2.1,30000,2026-04-16
630,1200000,remote,0.4,70000,2026-08-01
631,660000,suburb,3.5,45000,2026-07-23
632,1220000,inner,18.3,30000,2026-07-03
633,570000,inner,22.0,30000,2026-06-12
634,2000000,inner,24.8,30000,2026-03-21
635,400000,inner,16.3,30000,2026-01-20
636,1840000,suburb,18.8,45000,2026-04-21
637,2310000,suburb,22.4,45000,2026-04-03
638,680000,inner,24.1,30000,2026-07-12
639,760000,suburb,16.2,45000,2026-04-09
640,2880000,inner,23.5,30000,2026-05-25
641,1590000,inner,15.3,30000,2026-04-17
642,2050000,inner,1.6,30000,2026-05-21
643,2580000,inner,6.2,30000,2026-07-04
644,410000,remote,23.4,70000,2026-01-12
645,2030000,inner,13.7,30000,2026-07-12
646,2460000,inner,14.8,30000,2026-02-01
647,1390000,inner,23.1,30000,2026-04-02
648,2640000,suburb,17.9,45000,2026-05-21
649,2210000,suburb,16.1,45000,2026-07-03
650,830000,remote,7.9,70000,2026-05-03
651,1090000,remote,8.3,70000,2026-03-18
652,380000,remote,11.0,70000,2026-05-23
653,340000,inner,23.1,30000,2026-04-03
654,2370000,inner,16.7,30000,2026-01-10
655,940000,remote,17.8,70000,2026-02-01
656,100000,remote,23.8,70000,2026-03-16
657,2690000,remote,9.4,70000,2026-05-06
658,1420000,remote,22.5,70000,2026-02-25
659,2240000,suburb,1.8,45000,2026-05-17
660,440000,remote,12.9,70000,2026-08-15
661,2600000,inner,4.1,30000,2026-03-12
662,2980000,inner,18.6,30000,2026-02-08
663,270000,inner,1.3,30000,2026-01-08
664,2010000,suburb,23.3,45000,2026-03-06
665,2880000,inner,8.2,30000,2026-07-08
666,1680000,suburb,2.1,45000,2026-05-27
667,660000,suburb,5.7,45000,2026-01-06
668,280000,remote,21.9,70000,2026-07-03
669,1640000,suburb,13.9,45000,2026-06-03
670,1930000,inner,14.2,30000,2026-04-10
671,1290000,suburb,14.9,45000,2026-08-12
672,1050000,suburb,0.4,45000,2026-04-05
673,170000,suburb,8.8,45000,2026-04-18
674,90000,remote,19.0,70000,2026-06-01
675,1620000,suburb,13.3,45000,2026-02-07
676,2190000,inner,24.3,30000,2026-08-02
677,1480000,inner,23.0,30000,2026-02-02
678,2160000,remote,24.4,70000,2026-06-15
679,530000,inner,20.5,30000,2026-03-21
680,2950000,inner,16.6,30000,2026-01-14
681,1260000,inner,21.3,30000,2026-05-09
682,1720000,suburb,6.9,45000,2026-06-15
683,1080000,inner,19.3,30000,2026-03-25
684,840000,inner,11.3,30000,2026-02-06
685,2130000,suburb,9.1,45000,2026-02-18
686,2360000,inner,6.8,30000,2026-05-15
687,510000,inner,17.2,30000,2026-03-26
688,250000,remote,21.4,70000,2026-04-27
689,510000,inner,10.0,30000,2026-04-12
690,1580000,inner,24.8,30000,2026-05-27
691,2120000,inner,18.8,30000,2026-08-18
692,530000,inner,20.1,30000,2026-08-04
693,670000,inner,20.8,30000,2026-01-02
694,710000,inner,10.1,30000,2026-04-27
695,480000,remote,2.1,70000,2026-05-27
696,1060000,inner,3.4,30000,2026-08-26
697,670000,suburb,1.5,45000,2026-01-15
698,2260000,remote,0.9,70000,2026-07-16
699,2230000,remote,5.5,70000,2026-03-12
700,1450000,inner,22.1,30000,2026-05-15
701,1300000,inner,10.4,30000,2026-05-16
702,2500000,remote,7.1,70000,2026-01-03
703,2190000,inner,22.1,30000,2026-04-21
704,1320000,remote,19.6,70000,2026-01-13
705,2500000,suburb,22.8,45000,2026-08-12
706,1690000,remote,4.7,70000,2026-07-09
707,1170000,suburb,19.5,45000,2026-01-26
708,2460000,inner,14.7,30000,2026-06-25
709,860000,inner,16.5,30000,2026-02-08
710,2780000,suburb,24.9,45000,2026-01-25
711,2990000,inner,23.4,30000,2026-07-12
712,950000,inner,8.1,30000,2026-04-19
713,1880000,remote,17.6,70000,2026-01-23
714,2930000,remote,23.7,70000,2026-03-19
715,2820000,suburb,12.4,45000,2026-05-06
716,330000,inner,5.6,30000,2026-04-20
717,2490000,remote,23.0,70000,2026-01-11
718,710000,inner,4.6,30000,2026-06-23
719,350000,suburb,14.7,45000,2026-01-05
720,610000,inner,9.5,30000,2026-06-03
721,2070000,remote,7.7,70000,2026-02-11
722,850000,inner,16.1,30000,2026-07-26
723,1670000,suburb,24.2,45000,2026-03-23
724,1870000,remote,14.8,70000,2026-04-22
725,1980000,inner,17.3,30000,2026-05-24
726,950000,inner,23.7,30000,2026-01-23
727,2950000,suburb,15.1,45000,2026-01-06
728,1180000,remote,3.7,70000,2026-02-16
729,440000,remote,24.6,70000,2026-04-12
730,500000,inner,0.5,30000,2026-06-15
731,1320000,inner,6.6,30000,2026-02-12
732,50000,inner,11.1,30000,2026-01-13
733,900000,suburb,22.1,45000,2026-07-16
734,2840000,suburb,20.8,45000,2026-07-04
735,1200000,remote,2.0,70000,2026-03-15
736,1550000,inner,6.7,30000,2026-01-11
737,420000,inner,22.2,30000,2026-06-06
738,430000,inner,14.9,30000,2026-02-11
739,2520000,remote,23.6,70000,2026-01-14
740,2270000,inner,2.7,30000,2026-03-02
741,1020000,inner,13.9,30000,2026-07-23
742,2810000,remote,7.2,70000,2026-05-22
743,540000,inner,14.4,30000,2026-01-13
744,830000,suburb,0.3,45000,2026-01-12
745,1550000,inner,2.6,30000,2026-08-07
746,920000,inner,11.9,30000,2026-05-03
747,1620000,inner,12.3,30000,2026-07-16
748,1400000,remote,13.7,70000,2026-02-21
749,1940000,inner,4.8,30000,2026-07-12
750,1390000,inner,6.7,30000,2026-08-15
751,2930000,suburb,18.9,45000,2026-01-05
752,540000,remote,8.7,70000,2026-02-22
753,2160000,remote,1.7,70000,2026-04-18
754,2720000,suburb,17.2,45000,2026-07-18
755,2980000,suburb,7.6,45000,2026-04-16
756,220000,suburb,23.7,45000,2026-03-04
757,930000,suburb,20.2,45000,2026-03-07
758,260000,inner,24.7,30000,2026-07-03
759,1080000,suburb,15.0,45000,2026-03-27
760,390000,suburb,14.0,45000,2026-02-13
761,1710000,remote,11.6,70000,2026-05-17
762,2720000,inner,10.5,30000,2026-07-04
763,2950000,inner,14.2,30000,2026-02-04
764,1510000,inner,6.8,30000,2026-06-14
765,2530000,remote,4.5,70000,2026-08-02
766,780000,suburb,10.0,45000,2026-07-02
767,1260000,suburb,12.0,45000,2026-01-24
768,1950000,suburb,20.5,45000,2026-01-11
769,1640000,suburb,12.4,45000,2026-05-27
770,550000,remote,7.7,70000,2026-04-05
771,2310000,remote,18.3,70000,2026-06-09
772,500000,remote,5.4,70000,2026-04-15
773,2530000,suburb,1.6,45000,2026-06-27
774,380000,inner,12.8,30000,2026-05-23
775,2730000,inner,5.0,30000,2026-01-06
776,340000,inner,11.5,30000,2026-04-02
777,1060000,suburb,20.6,45000,2026-05-12
778,2080000,remote,1.0,70000,2026-02-22
779,2550000,suburb,24.0,45000,2026-08-06
780,2870000,suburb,4.3,45000,2026-06-12
781,510000,suburb,9.8,45000,2026-05-01
782,2970000,inner,5.7,30000,2026-04-28
783,1100000,inner,10.4,30000,2026-05-21
784,90000,inner,16.3,30000,2026-08-05
785,90000,remote,15.3,70000,2026-04-09
786,1450000,suburb,21.3,45000,2026-07-13
787,1340000,suburb,7.7,45000,2026-04-15
788,2080000,remote,12.9,70000,2026-02-01
789,1960000,remote,17.2,70000,2026-05-10
790,370000,suburb,16.1,45000,2026-06-09
791,1380000,suburb,3.9,45000,2026-05-07
792,340000,inner,8.1,30000,2026-07-22
793,180000,inner,6.6,30000,2026-08-10
794,2120000,suburb,1.1,45000,2026-07-24
795,2970000,remote,18.2,70000,2026-04-11
796,2780000,inner,9.1,30000,2026-08-22
797,920000,suburb,2.6,45000,2026-03-10
798,1370000,inner,22.5,30000,2026-03-22
799,500000,remote,5.7,70000,2026-04-12
800,2200000,suburb,6.7,45000,2026-06-12
801,2420000,suburb,1.5,45000,2026-02-16
802,410000,remote,12.6,70000,2026-08-07
803,2000000,remote,1.5,70000,2026-05-14
804,750000,inner,10.3,30000,2026-04-11
805,2390000,remote,21.6,70000,2026-03-11
806,460000,inner,15.8,30000,2026-08-11
807,1650000,inner,11.4,30000,2026-01-01
808,910000,inner,19.7,30000,2026-03-16
809,710000,inner,10.8,30000,2026-07-21
810,2490000,suburb,1.1,45000,2026-07-01
811,1960000,inner,19.0,30000,2026-01-11
812,1020000,remote,0.3,70000,2026-01-22
813,1320000,remote,21.9,70000,2026-04-23
814,710000,suburb,12.7,45000,2026-02-13
815,900000,suburb,1.3,45000,2026-02-27
816,2380000,suburb,22.2,45000,2026-06-14
817,1800000,inner,18.8,30000,2026-08-12
818,2110000,inner,5.8,30000,2026-01-08
819,1130000,inner,12.7,30000,2026-01-19
820,1920000,inner,21.9,30000,2026-01-13
821,2780000,suburb,24.9,45000,2026-01-20
822,600000,remote,17.3,70000,2026-01-02
823,2320000,suburb,13.8,45000,2026-07-04
824,830000,suburb,17.2,45000,2026-04-23
825,1590000,inner,2.7,30000,2026-07-22
826,1430000,remote,20.8,70000,2026-03-14
827,2660000,inner,3.0,30000,2026-02-10
828,2590000,inner,5.2,30000,2026-04-20
829,2720000,suburb,17.6,45000,2026-04-12
830,870000,suburb,12.5,45000,2026-01-18
831,2510000,inner,0.3,30000,2026-06-08
832,500000,remote,14.4,70000,2026-02-27
833,810000,suburb,12.9,45000,2026-02-25
834,560000,remote,5.9,70000,2026-05-21
835,1400000,suburb,2.7,45000,2026-08-02
836,250000,inner,20.1,30000,2026-05-12
837,2230000,suburb,21.3,45000,2026-02-04
838,90000,inner,16.3,30000,2026-03-22
839,1880000,suburb,6.9,45000,2026-08-20
840,520000,remote,8.7,70000,2026-06-27
841,2100000,inner,6.9,30000,2026-07-15
842,2490000,suburb,22.2,45000,2026-07-21
843,620000,inner,18.2,30000,2026-03-23
844,580000,inner,12.2,30000,2026-07-19
845,2290000,remote,9.6,70000,2026-03-20
846,190000,suburb,23.0,45000,2026-03-16
847,2150000,inner,1.8,30000,2026-08-02
848,1650000,remote,21.7,70000,2026-01-23
849,2940000,remote,21.9,70000,2026-04-22
850,2720000,remote,16.6,70000,2026-02-14
851,2510000,inner,17.0,30000,2026-06-22
852,810000,suburb,16.2,45000,2026-01-01
853,2630000,inner,12.5,30000,2026-08-28
854,430000,inner,6.2,30000,2026-08-11
855,300000,suburb,16.2,45000,2026-04-18
856,1250000,suburb,11.2,45000,2026-02-15
857,2340000,remote,12.6,70000,2026-02-28
858,650000,suburb,16.4,45000,2026-08-24
859,2110000,inner,14.0,30000,2026-07-02
860,510000,inner,14.1,30000,2026-05-17
861,2380000,remote,20.7,70000,2026-06-12
862,2370000,inner,19.2,30000,2026-06-18
863,2470000,remote,11.4,70000,2026-06-23
864,1180000,inner,9.0,30000,2026-01-11
865,1540000,remote,2.8,70000,2026-06-23
866,2570000,inner,18.0,30000,2026-03-27
867,2140000,remote,15.3,70000,2026-02-09
868,660000,inner,11.5,30000,2026-07-07
869,1780000,inner,10.5,30000,2026-02-25
870,680000,remote,16.5,70000,2026-08-15
871,730000,remote,13.4,70000,2026-08-01
872,2880000,inner,14.7,30000,2026-07-27
873,950000,remote,20.4,70000,2026-03-24
874,2030000,inner,22.1,30000,2026-06-17
875,1320000,suburb,24.1,45000,2026-05-13
876,2360000,suburb,10.4,45000,2026-03-05
877,2670000,remote,17.6,70000,2026-05-27
878,2880000,suburb,5.4,45000,2026-04-07
879,1530000,remote,3.5,70000,2026-06-22
880,960000,remote,3.1,70000,2026-06-23
881,2920000,suburb,14.4,45000,2026-08-19
882,2180000,remote,10.7,70000,2026-05-28
883,2720000,inner,9.6,30000,2026-02-01
884,330000,inner,18.8,30000,2026-04-09
885,1510000,inner,21.0,30000,2026-05-05
886,1560000,remote,13.6,70000,2026-04-25
887,2360000,suburb,21.7,45000,2026-02-20
888,2920000,remote,16.2,70000,2026-04-24
889,1260000,suburb,16.7,45000,2026-05-23
890,2030000,suburb,24.4,45000,2026-07-26
891,2870000,suburb,18.6,45000,2026-01-01
892,2310000,inner,17.7,30000,2026-04-21
893,1930000,remote,18.2,70000,2026-04-25
894,1550000,inner,24.6,30000,2026-08-06
895,1000000,inner,12.9,30000,2026-03-24
896,250000,suburb,14.0,45000,2026-07-09
897,870000,inner,8.4,30000,2026-05-01
898,840000,remote,23.2,70000,2026-01-05
899,310000,remote,19.8,70000,2026-05-16
900,1880000,remote,17.8,70000,2026-02-26
901,1170000,remote,1.9,70000,2026-03-17
902,860000,remote,13.5,70000,2026-07-18
903,1830000,inner,16.7,30000,2026-04-07
904,1890000,suburb,23.8,45000,2026-05-07
905,2760000,remote,20.6,70000,2026-08-18
906,90000,remote,8.8,70000,2026-02-22
907,1290000,inner,22.2,30000,2026-01-22
908,630000,suburb,13.6,45000,2026-07-09
909,170000,suburb,20.1,45000,2026-06-17
910,2540000,suburb,22.5,45000,2026-01-10
911,1690000,inner,4.4,30000,2026-02-04
912,2780000,remote,1.8,70000,2026-01-21
913,1140000,remote,2.8,70000,2026-07-27
914,2270000,remote,17.2,70000,2026-02-24
915,2400000,inner,2.4,30000,2026-06-02
916,960000,inner,1.9,30000,2026-05-18
917,1370000,inner,11.4,30000,2026-07-13
918,2260000,suburb,9.9,45000,2026-06-01
919,2780000,inner,18.1,30000,2026-01-21
920,280000,inner,23.2,30000,2026-02-12
921,1530000,inner,2.3,30000,2026-05-20
922,2000000,suburb,16.6,45000,2026-07-27
923,850000,suburb,18.7,45000,2026-04-05
924,1560000,remote,17.0,70000,2026-03-10
925,1960000,remote,21.9,70000,2026-01-18
926,680000,inner,14.4,30000,2026-01-01
927,2800000,suburb,5.4,45000,2026-02-10
928,1810000,remote,22.7,70000,2026-04-14
929,770000,remote,5.7,70000,2026-03-06
930,1040000,suburb,16.8,45000,2026-02-06
931,320000,remote,13.8,70000,2026-08-21
932,390000,suburb,5.1,45000,2026-05-04
933,2540000,remote,3.4,70000,2026-06-12
934,1250000,remote,15.6,70000,2026-02-10
935,1670000,inner,8.3,30000,2026-08-15
936,1610000,remote,14.3,70000,2026-03-19
937,2240000,suburb,8.0,45000,2026-03-01
938,2280000,inner,9.1,30000,2026-05-27
939,1740000,remote,11.2,70000,2026-08-15
940,2540000,suburb,16.2,45000,2026-02-06
941,1480000,inner,5.1,30000,2026-03-18
942,440000,remote,21.3,70000,2026-02-01
943,200000,remote,14.8,70000,2026-07-25
944,2870000,inner,22.4,30000,2026-05-18
945,2460000,remote,9.9,70000,2026-03-12
946,1530000,remote,12.6,70000,2026-03-15
947,2080000,inner,0.5,30000,2026-06-17
948,890000,inner,4.1,30000,2026-03-15
949,2940000,remote,18.4,70000,2026-03-24
950,250000,suburb,12.3,45000,2026-04-25
951,1400000,inner,1.3,30000,2026-06-08
952,2700000,inner,11.8,30000,2026-06-13
953,280000,suburb,8.2,45000,2026-01-21
954,2710000,remote,18.6,70000,2026-05-27
955,2830000,remote,16.4,70000,2026-03-13
956,440000,suburb,24.3,45000,2026-05-13
957,2690000,inner,20.5,30000,2026-07-12
958,2540000,suburb,0.4,45000,2026-08-20
959,2300000,inner,2.1,30000,2026-03-08
960,1480000,remote,4.8,70000,2026-04-05
961,650000,suburb,20.3,45000,2026-04-14
962,630000,remote,12.1,70000,2026-08-22
963,870000,inner,6.2,30000,2026-07-01
964,2980000,inner,15.8,30000,2026-03-05
965,2980000,inner,4.3,30000,2026-03-02
966,2690000,inner,24.2,30000,2026-07-20
967,140000,remote,5.6,70000,2026-05-03
968,2460000,remote,5.6,70000,2026-08-06
969,780000,suburb,16.6,45000,2026-03-20
970,900000,suburb,15.0,45000,2026-06-15
971,1220000,inner,3.5,30000,2026-07-13
972,1080000,inner,3.9,30000,2026-07-27
973,950000,inner,15.1,30000,2026-08-20
974,2620000,remote,12.2,70000,2026-02-03
975,2810000,inner,17.0,30000,2026-01-25
976,2720000,suburb,21.9,45000,2026-07-12
977,2760000,remote,23.5,70000,2026-07-08
978,2000000,suburb,20.2,45000,2026-06-19
979,2990000,remote,3.5,70000,2026-02-14
980,1240000,suburb,15.0,45000,2026-02-10
981,2140000,remote,0.3,70000,2026-05-07
982,80000,remote,0.4,70000,2026-02-17
983,1100000,remote,9.2,70000,2026-06-14
984,2230000,inner,21.4,30000,2026-05-09
985,2940000,suburb,7.0,45000,2026-06-20
986,2080000,remote,13.9,70000,2026-04-14
987,2520000,remote,14.1,70000,2026-03-12
988,1340000,suburb,8.7,45000,2026-05-19
989,2080000,remote,21.6,70000,2026-03-28
990,1220000,inner,17.5,30000,2026-08-26
991,560000,inner,10.1,30000,2026-04-17
992,2860000,suburb,9.8,45000,2026-01-06
993,70000,remote,3.8,70000,2026-02-27
994,2270000,remote,6.7,70000,2026-02-03
995,450000,suburb,9.7,45000,2026-01-24
996,2710000,suburb,24.1,45000,2026-05-23
997,940000,inner,0.5,30000,2026-08-15
998,2700000,remote,1.0,70000,2026-05-07
999,2660000,remote,4.4,70000,2026-04-20
1000,1890000,inner,0.2,30000,2026-04-21
1001,490000,inner,10.1,30000,2026-05-25
1002,2070000,remote,5.2,70000,2026-07-19
1003,400000,inner,7.3,30000,2026-02-18
1004,1830000,remote,7.1,70000,2026-06-27
1005,1040000,remote,14.5,70000,2026-08-13
1006,940000,suburb,2.8,45000,2026-07-17
1007,2620000,inner,23.7,30000,2026-05-11
1008,1360000,remote,11.2,70000,2026-05-23
1009,2930000,suburb,6.2,45000,2026-08-25
1010,2390000,suburb,21.6,45000,2026-08-19
1011,640000,suburb,9.7,45000,2026-05-03
1012,1220000,inner,23.9,30000,2026-06-14
1013,2790000,remote,20.8,70000,2026-01-23
1014,1520000,inner,16.9,30000,2026-02-13
1015,430000,suburb,8.0,45000,2026-03-16
1016,2980000,inner,23.7,30000,2026-05-06
1017,1020000,remote,5.2,70000,2026-08-24
1018,1280000,remote,5.9,70000,2026-05-07
1019,1870000,inner,2.8,30000,2026-03-25
1020,2570000,inner,21.5,30000,2026-01-25
1021,2510000,inner,8.0,30000,2026-06-20
1022,1450000,remote,24.6,70000,2026-08-06
1023,1480000,remote,18.8,70000,2026-07-08
1024,320000,inner,23.5,30000,2026-07-16
1025,2620000,inner,21.5,30000,2026-06-13
1026,2390000,inner,13.1,30000,2026-02-23
1027,90000,suburb,5.4,45000,2026-01-22
1028,560000,remote,15.4,70000,2026-06-12
1029,1000000,suburb,6.9,45000,2026-05-08
1030,1800000,remote,12.6,70000,2026-06-06
1031,2190000,inner,21.4,30000,2026-06-12
1032,2350000,suburb,3.5,45000,2026-03-19
1033,1220000,remote,6.9,70000,2026-02-24
1034,2890000,inner,9.6,30000,2026-07-28
1035,810000,inner,0.4,30000,2026-08-26
1036,2600000,suburb,15.8,45000,2026-03-28
1037,1660000,remote,6.4,70000,2026-08-10
1038,290000,remote,17.3,70000,2026-07-04
1039,1150000,inner,21.0,30000,2026-05-16
1040,2350000,inner,9.2,30000,2026-06-09
1041,2900000,remote,0.7,70000,2026-05-12
1042,1840000,inner,14.5,30000,2026-04-19
1043,2800000,remote,7.3,70000,2026-03-25
1044,2660000,suburb,18.5,45000,2026-08-25
1045,2000000,inner,15.9,30000,2026-05-15
1046,900000,inner,15.9,30000,2026-06-14
1047,2120000,remote,4.2,70000,2026-02-03
1048,1650000,inner,7.4,30000,2026-06-21
1049,2070000,suburb,19.6,45000,2026-05-15
1050,2710000,suburb,4.3,45000,2026-08-14
1051,690000,inner,6.4,30000,2026-04-22
1052,450000,remote,10.0,70000,2026-04-06
1053,370000,inner,1.5,30000,2026-08-18
1054,2730000,suburb,6.7,45000,2026-02-04
1055,480000,inner,5.9,30000,2026-07-10
1056,1500000,remote,3.3,70000,2026-08-21
1057,920000,remote,16.7,70000,2026-01-02
1058,2480000,suburb,13.6,45000,2026-08-28
1059,2850000,suburb,24.2,45000,2026-08-05
1060,2810000,remote,15.0,70000,2026-03-19
1061,2930000,remote,16.1,70000,2026-07-17
1062,1630000,remote,13.6,70000,2026-06-16
1063,2310000,inner,10.4,30000,2026-05-12
1064,1600000,inner,13.2,30000,2026-01-01
1065,1810000,inner,13.5,30000,2026-05-16
1066,2560000,remote,0.4,70000,2026-08-10
1067,1540000,suburb,0.4,45000,2026-04-26
1068,1010000,suburb,11.0,45000,2026-07-18
1069,880000,inner,9.6,30000,2026-07-27
1070,450000,suburb,6.1,45000,2026-07-21
1071,1440000,remote,18.6,70000,2026-05-21
1072,2160000,suburb,1.9,45000,2026-04-28
1073,1530000,inner,11.5,30000,2026-02-21
1074,1440000,suburb,8.2,45000,2026-08-07
1075,300000,inner,24.3,30000,2026-01-06
1076,1420000,suburb,11.1,45000,2026-03-23
1077,1240000,inner,0.6,30000,2026-02-05
1078,1800000,inner,19.7,30000,2026-07-10
1079,1950000,suburb,19.8,45000,2026-08-23
1080,460000,suburb,6.8,45000,2026-03-02
1081,410000,suburb,5.0,45000,2026-08-06
1082,2000000,suburb,24.4,45000,2026-01-04
1083,1320000,remote,24.4,70000,2026-07-25
1084,220000,inner,18.4,30000,2026-04-15
1085,2710000,inner,9.9,30000,2026-04-16
1086,1700000,suburb,18.3,45000,2026-03-21
1087,2860000,remote,12.1,70000,2026-02-09
1088,1060000,suburb,21.6,45000,2026-06-02
1089,620000,inner,11.0,30000,2026-04-21
1090,900000,inner,3.2,30000,2026-05-19
1091,90000,inner,19.6,30000,2026-01-19
1092,840000,suburb,2.4,45000,2026-06-25
1093,2600000,inner,15.5,30000,2026-02-22
1094,350000,remote,16.2,70000,2026-01-12
1095,2790000,remote,12.3,70000,2026-02-05
1096,2900000,suburb,22.3,45000,2026-06-26
1097,1030000,remote,9.6,70000,2026-01-23
1098,730000,remote,12.2,70000,2026-05-02
1099,2910000,suburb,17.5,45000,2026-05-18
1100,2950000,inner,8.8,30000,2026-03-18
1101,2440000,remote,20.8,70000,2026-05-28
1102,870000,remote,4.0,70000,2026-02-17
1103,1390000,suburb,0.2,45000,2026-06-15
1104,2640000,remote,4.8,70000,2026-07-24
1105,1910000,inner,18.1,30000,2026-04-11
1106,2800000,remote,13.2,70000,2026-07-07
1107,2870000,suburb,7.2,45000,2026-03-20
1108,1690000,suburb,13.2,45000,2026-02-04
1109,270000,inner,21.9,30000,2026-03-06
1110,590000,inner,2.6,30000,2026-08-07
1111,2030000,remote,15.7,70000,2026-08-17
1112,1360000,remote,5.7,70000,2026-01-12
1113,410000,remote,16.5,70000,2026-01-07
1114,2440000,inner,14.0,30000,2026-01-12
1115,1930000,suburb,15.5,45000,2026-01-27
1116,250000,remote,7.7,70000,2026-02-27
1117,2700000,inner,18.2,30000,2026-02-04
1118,2020000,remote,13.2,70000,2026-04-07
1119,2960000,inner,18.8,30000,2026-03-18
1120,590000,suburb,11.6,45000,2026-06-22
1121,2230000,remote,19.9,70000,2026-02-06
1122,2100000,remote,4.1,70000,2026-06-22
1123,2310000,remote,13.8,70000,2026-06-11
1124,1950000,suburb,15.9,45000,2026-07-25
1125,1700000,remote,13.7,70000,2026-04-19
1126,2860000,suburb,24.0,45000,2026-05-12
1127,2080000,suburb,1.1,45000,2026-01-24
1128,130000,suburb,0.4,45000,2026-03-10
1129,1140000,inner,19.3,30000,2026-06-01
1130,1460000,remote,1.1,70000,2026-03-04
1131,840000,suburb,9.3,45000,2026-03-09
1132,1320000,remote,20.3,70000,2026-04-09
1133,2970000,inner,23.0,30000,2026-07-19
1134,440000,remote,12.2,70000,2026-06-26
1135,530000,suburb,18.3,45000,2026-05-02
1136,2000000,remote,1.6,70000,2026-02-25
1137,1830000,suburb,23.3,45000,2026-07-14
1138,1210000,inner,19.5,30000,2026-01-21
1139,320000,suburb,1.2,45000,2026-05-17
1140,2940000,remote,12.7,70000,2026-03-11
1141,830000,inner,18.3,30000,2026-01-22
1142,2330000,suburb,10.9,45000,2026-02-08
1143,800000,suburb,2.2,45000,2026-03-11
1144,300000,remote,2.3,70000,2026-07-09
1145,2270000,remote,3.5,70000,2026-03-25
1146,1060000,remote,16.4,70000,2026-08-13
1147,2920000,inner,2.0,30000,2026-04-08
1148,1700000,suburb,16.9,45000,2026-02-04
1149,1920000,suburb,8.2,45000,2026-06-07
1150,170000,remote,24.7,70000,2026-05-06
1151,2310000,remote,1.3,70000,2026-03-15
1152,1070000,inner,19.0,30000,2026-06-05
1153,620000,inner,23.7,30000,2026-01-08
1154,1520000,inner,17.4,30000,2026-01-11
1155,1610000,inner,0.8,30000,2026-08-16
1156,2800000,inner,13.8,30000,2026-04-07
1157,2850000,suburb,18.3,45000,2026-08-20
1158,140000,inner,22.7,30000,2026-07-19
1159,270000,remote,1.7,70000,2026-05-06
1160,1430000,inner,16.4,30000,2026-01-15
1161,390000,inner,6.9,30000,2026-07-22
1162,1890000,remote,7.5,70000,2026-02-01
1163,2020000,remote,12.8,70000,2026-04-13
1164,550000,remote,21.7,70000,2026-06-16
1165,500000,remote,12.6,70000,2026-03-07
1166,2920000,suburb,6.3,45000,2026-01-02
1167,1610000,remote,10.0,70000,2026-06-16
1168,140000,inner,8.9,30000,2026-06-22
1169,1590000,remote,7.0,70000,2026-04-17
1170,1360000,inner,24.8,30000,2026-07-27
1171,1480000,remote,8.7,70000,2026-04-05
1172,750000,suburb,9.7,45000,2026-02-24
1173,1210000,remote,14.4,70000,2026-07-08
1174,1640000,suburb,13.6,45000,2026-06-15
1175,750000,inner,3.6,30000,2026-04-28
1176,2730000,remote,24.9,70000,2026-03-14
1177,2940000,inner,1.9,30000,2026-03-11
1178,650000,remote,21.0,70000,2026-03-11
1179,200000,inner,24.0,30000,2026-06-14
1180,2310000,suburb,19.5,45000,2026-05-05
1181,720000,inner,19.1,30000,2026-03-01
1182,1410000,remote,6.0,70000,2026-04-20
1183,180000,remote,17.3,70000,2026-06-03
1184,730000,suburb,16.3,45000,2026-08-23
1185,2030000,inner,3.6,30000,2026-08-16
1186,1200000,inner,19.2,30000,2026-01-14
1187,1430000,inner,18.6,30000,2026-07-08
1188,1090000,inner,23.2,30000,2026-02-06
1189,2550000,suburb,11.5,45000,2026-06-28
1190,2230000,inner,1.2,30000,2026-07-25
1191,1990000,remote,15.4,70000,2026-06-13
1192,2970000,remote,2.9,70000,2026-01-17
1193,260000,suburb,13.5,45000,2026-04-17
1194,250000,remote,19.2,70000,2026-07-17
1195,1020000,inner,10.1,30000,2026-05-15
1196,1510000,suburb,10.7,45000,2026-08-06
1197,320000,remote,20.8,70000,2026-03-15
1198,510000,suburb,19.5,45000,2026-02-06
1199,2840000,remote,10.5,70000,2026-03-13
1200,170000,suburb,14.8,45000,2026-03-15
1201,1080000,remote,6.4,70000,2026-08-03
1202,880000,remote,3.0,70000,2026-02-03
1203,1900000,suburb,17.7,45000,2026-02-17
1204,2660000,remote,13.8,70000,2026-03-13
1205,920000,inner,21.8,30000,2026-06-19
1206,880000,inner,19.3,30000,2026-03-06
1207,2190000,inner,18.3,30000,2026-05-10
1208,1520000,suburb,22.5,45000,2026-03-04
1209,60000,inner,11.6,30000,2026-05-01
1210,2830000,suburb,22.1,45000,2026-01-20
1211,1160000,inner,10.4,30000,2026-08-15
1212,80000,inner,7.1,30000,2026-04-18
1213,2900000,remote,4.8,70000,2026-04-02
1214,1830000,inner,21.4,30000,2026-01-05
1215,1570000,remote,1.4,70000,2026-06-03
1216,960000,suburb,7.3,45000,2026-03-22
1217,2980000,remote,18.8,70000,2026-03-15
1218,230000,suburb,7.6,45000,2026-02-25
1219,1990000,suburb,10.8,45000,2026-02-25
1220,380000,remote,3.5,70000,2026-05-16
1221,1450000,remote,10.5,70000,2026-06-17
1222,1120000,inner,14.4,30000,2026-01-04
1223,2750000,remote,18.2,70000,2026-02-16
1224,1520000,remote,21.2,70000,2026-07-20
1225,2740000,suburb,15.4,45000,2026-06-05
1226,2710000,suburb,20.2,45000,2026-08-16
1227,1240000,remote,0.2,70000,2026-05-07
1228,2430000,inner,21.2,30000,2026-02-24
1229,2170000,remote,8.5,70000,2026-07-02
1230,1130000,remote,5.2,70000,2026-01-21
1231,1350000,suburb,7.6,45000,2026-02-10
1232,1700000,remote,17.2,70000,2026-01-04
1233,2070000,suburb,4.6,45000,2026-01-27
1234,1780000,suburb,20.0,45000,2026-08-16
1235,740000,remote,15.8,70000,2026-08-05
1236,1760000,remote,20.4,70000,2026-08-26
1237,330000,remote,18.2,70000,2026-05-19
1238,2890000,suburb,14.5,45000,2026-01-07
1239,1860000,suburb,7.2,45000,2026-02-05
1240,1780000,inner,13.4,30000,2026-07-21
1241,2970000,inner,15.0,30000,2026-07-06
1242,1660000,suburb,10.5,45000,2026-01-09
1243,1260000,suburb,20.8,45000,2026-06-15
1244,1150000,suburb,3.0,45000,2026-05-06
1245,1080000,inner,12.7,30000,2026-02-15
1246,2610000,suburb,8.6,45000,2026-03-07
1247,2730000,suburb,8.3,45000,2026-05-25
1248,2690000,inner,18.2,30000,2026-03-07
1249,2030000,suburb,7.9,45000,2026-02-01
1250,490000,inner,22.3,30000,2026-06-15
1251,2710000,inner,14.5,30000,2026-05-01
1252,1120000,suburb,5.0,45000,2026-06-07
1253,2770000,suburb,11.1,45000,2026-06-25
1254,1440000,inner,7.0,30000,2026-03-06
1255,2910000,inner,13.7,30000,2026-02-07
1256,1680000,remote,23.6,70000,2026-05-05
1257,2980000,suburb,2.0,45000,2026-04-06
1258,1780000,remote,3.4,70000,2026-08-02
1259,300000,suburb,1.5,45000,2026-02-13
1260,2050000,suburb,15.0,45000,2026-03-23
1261,2330000,remote,8.4,70000,2026-06-10
1262,2780000,inner,19.2,30000,2026-02-25
1263,720000,remote,20.1,70000,2026-02-27
1264,2440000,remote,7.9,70000,2026-02-15
1265,2430000,remote,23.7,70000,2026-08-08
1266,1370000,inner,4.7,30000,2026-06-13
1267,1740000,remote,12.3,70000,2026-06-15
1268,2480000,inner,12.1,30000,2026-02-12
1269,1490000,inner,14.5,30000,2026-06-20
1270,570000,remote,17.9,70000,2026-07-27
1271,1710000,inner,7.7,30000,2026-02-26
1272,2100000,suburb,15.6,45000,2026-07-08
1273,860000,remote,1.8,70000,2026-08-13
1274,2250000,inner,19.7,30000,2026-07-19
1275,1250000,remote,16.8,70000,2026-03-22
1276,2980000,remote,14.9,70000,2026-08-04
1277,1710000,suburb,11.2,45000,2026-02-27
1278,2120000,suburb,2.9,45000,2026-02-20
1279,1990000,remote,16.2,70000,2026-06-16
1280,510000,inner,3.6,30000,2026-04-27
1281,50000,remote,3.9,70000,2026-03-22
1282,1540000,remote,14.5,70000,2026-07-20
1283,1100000,inner,14.3,30000,2026-06-10
1284,1600000,remote,24.6,70000,2026-07-23
1285,500000,suburb,24.7,45000,2026-01-20
1286,700000,suburb,9.4,45000,2026-05-02
1287,320000,remote,14.1,70000,2026-01-23
1288,610000,suburb,1.0,45000,2026-05-28
1289,2060000,suburb,9.7,45000,2026-06-23
1290,2270000,suburb,4.5,45000,2026-04-22
1291,1010000,inner,23.1,30000,2026-07-27
1292,830000,suburb,16.8,45000,2026-05-28
1293,100000,inner,0.6,30000,2026-02-21
1294,2540000,remote,2.3,70000,2026-07-05
1295,2170000,remote,17.4,70000,2026-08-26
1296,970000,suburb,10.7,45000,2026-08-17
1297,2010000,suburb,4.8,45000,2026-06-08
1298,80000,remote,18.3,70000,2026-08-28
1299,2610000,remote,23.2,70000,2026-05-14
1300,1920000,remote,14.3,70000,2026-01-02
1301,1930000,remote,12.1,70000,2026-02-19
1302,450000,remote,18.3,70000,2026-03-24
1303,2430000,suburb,22.3,45000,2026-02-17
1304,1300000,inner,18.6,30000,2026-08-21
1305,440000,remote,1.5,70000,2026-05-20
1306,2780000,suburb,11.5,45000,2026-01-16
1307,2980000,suburb,9.0,45000,2026-06-14
1308,1530000,suburb,17.4,45000,2026-03-02
1309,1600000,remote,15.8,70000,2026-05-02
1310,910000,remote,24.8,70000,2026-01-22
1311,180000,remote,2.2,70000,2026-05-16
1312,440000,remote,3.5,70000,2026-05-09
1313,1450000,suburb,18.6,45000,2026-05-01
1314,940000,remote,11.3,70000,2026-03-22
1315,1380000,inner,4.7,30000,2026-04-16
1316,210000,remote,24.2,70000,2026-06-03
1317,830000,remote,24.8,70000,2026-08-25
1318,1260000,suburb,16.0,45000,2026-08-24
1319,1810000,inner,6.8,30000,2026-01-21
1320,310000,inner,10.1,30000,2026-03-15
1321,2480000,suburb,17.2,45000,2026-04-13
1322,2470000,suburb,13.4,45000,2026-05-05
1323,110000,suburb,11.3,45000,2026-05-26
1324,1660000,remote,23.0,70000,2026-01-04
1325,1860000,remote,23.0,70000,2026-07-20
1326,1760000,suburb,20.1,45000,2026-05-09
1327,2050000,suburb,16.9,45000,2026-08-25
1328,1040000,inner,17.3,30000,2026-06-22
1329,1650000,inner,0.4,30000,2026-01-22
1330,110000,inner,13.2,30000,2026-07-04
1331,2330000,remote,18.2,70000,2026-06-08
1332,1030000,suburb,15.6,45000,2026-01-01
1333,1160000,inner,24.0,30000,2026-02-23
1334,710000,inner,19.1,30000,2026-07-22
1335,2940000,remote,17.5,70000,2026-03-04
1336,1550000,suburb,23.4,45000,2026-08-22
1337,2370000,remote,10.8,70000,2026-05-25
1338,1700000,remote,19.6,70000,2026-05-06
1339,360000,suburb,8.4,45000,2026-07-13
1340,1370000,inner,11.1,30000,2026-05-06
1341,1070000,suburb,16.2,45000,2026-07-06
1342,780000,inner,15.4,30000,2026-07-07
1343,2310000,inner,1.1,30000,2026-05-04
1344,2970000,inner,11.3,30000,2026-05-25
1345,810000,suburb,16.7,45000,2026-01-02
1346,820000,suburb,14.5,45000,2026-06-13
1347,2560000,remote,10.2,70000,2026-08-14
1348,400000,remote,9.7,70000,2026-04-01
1349,2510000,remote,13.5,70000,2026-02-19
1350,1750000,suburb,1.6,45000,2026-05-13
1351,510000,remote,21.4,70000,2026-06-18
1352,460000,suburb,19.2,45000,2026-08-25
1353,1080000,remote,1.2,70000,2026-03-18
1354,1020000,suburb,9.9,45000,2026-05-23
1355,1880000,inner,22.2,30000,2026-08-03
1356,1020000,suburb,5.0,45000,2026-03-02
1357,1270000,remote,1.8,70000,2026-08-13
1358,1620000,remote,24.1,70000,2026-08-18
1359,130000,suburb,1.6,45000,2026-01-11
1360,260000,remote,5.4,70000,2026-07-04
1361,2720000,remote,21.8,70000,2026-08-22
1362,810000,remote,1.1,70000,2026-04-03
1363,2550000,inner,22.7,30000,2026-01-16
1364,280000,remote,16.3,70000,2026-04-23
1365,930000,inner,20.6,30000,2026-01-10
1366,2380000,inner,14.9,30000,2026-03-27
1367,630000,inner,20.0,30000,2026-08-20
1368,370000,inner,8.6,30000,2026-04-14
1369,2100000,remote,24.4,70000,2026-06-04
1370,2840000,remote,20.9,70000,2026-03-11
1371,280000,inner,1.8,30000,2026-03-11
1372,770000,suburb,17.5,45000,2026-07-06
1373,890000,remote,23.2,70000,2026-08-08
1374,730000,inner,21.2,30000,2026-02-26
1375,1970000,remote,22.0,70000,2026-03-01
1376,80000,inner,23.2,30000,2026-01-06
1377,1500000,remote,20.2,70000,2026-07-23
1378,690000,suburb,16.1,45000,2026-04-05
1379,2350000,remote,23.5,70000,2026-07-08
1380,240000,remote,12.6,70000,2026-03-23
1381,1590000,inner,0.3,30000,2026-06-14
1382,1030000,inner,24.4,30000,2026-02-17
1383,1900000,remote,19.3,70000,2026-04-15
1384,1110000,remote,5.0,70000,2026-05-02
1385,2470000,inner,4.2,30000,2026-08-06
1386,320000,inner,5.4,30000,2026-06-10
1387,1760000,suburb,2.8,45000,2026-08-02
1388,2800000,inner,19.7,30000,2026-03-06
1389,2680000,suburb,22.4,45000,2026-02-03
1390,2320000,remote,5.1,70000,2026-06-14
1391,1710000,remote,2.9,70000,2026-04-25
1392,550000,inner,10.4,30000,2026-04-24
1393,1970000,inner,11.9,30000,2026-04-03
1394,320000,suburb,5.6,45000,2026-07-05
1395,2370000,remote,9.5,70000,2026-03-13
1396,1040000,suburb,5.2,45000,2026-06-09
1397,210000,inner,3.6,30000,2026-01-09
1398,2390000,suburb,19.1,45000,2026-07-06
1399,1560000,inner,19.9,30000,2026-03-26
1400,920000,remote,10.4,70000,2026-04-03
1401,2550000,remote,11.9,70000,2026-04-19
1402,1470000,suburb,10.8,45000,2026-01-24
1403,1310000,inner,14.6,30000,2026-06-14
1404,810000,remote,24.5,70000,2026-01-14
1405,2450000,inner,13.4,30000,2026-01-14
1406,550000,suburb,6.2,45000,2026-08-16
1407,110000,remote,3.5,70000,2026-07-07
1408,1270000,suburb,12.1,45000,2026-02-01
1409,870000,suburb,14.3,45000,2026-08-28
1410,170000,remote,19.3,70000,2026-08-15
1411,2120000,remote,21.8,70000,2026-03-26
1412,2420000,remote,15.8,70000,2026-01-28
1413,1750000,suburb,10.8,45000,2026-01-10
1414,2820000,suburb,17.2,45000,2026-04-26
1415,1760000,remote,23.6,70000,2026-01-17
1416,1910000,remote,9.7,70000,2026-01-04
1417,250000,suburb,4.5,45000,2026-06-12
1418,390000,remote,24.5,70000,2026-04-05
1419,2810000,inner,12.1,30000,2026-02-21
1420,1120000,remote,8.9,70000,2026-04-11
1421,2620000,suburb,1.6,45000,2026-07-09
1422,1810000,suburb,12.6,45000,2026-08-16
1423,2450000,inner,15.6,30000,2026-05-15
1424,380000,remote,2.4,70000,2026-04-15
1425,960000,suburb,2.9,45000,2026-05-03
1426,620000,suburb,3.9,45000,2026-03-16
1427,2710000,inner,10.5,30000,2026-01-10
1428,2820000,remote,8.8,70000,2026-03-16
1429,150000,suburb,1.8,45000,2026-05-07
1430,2710000,inner,14.6,30000,2026-06-14
1431,1720000,remote,16.7,70000,2026-08-19
1432,2850000,remote,7.7,70000,2026-08-15
1433,1610000,inner,6.6,30000,2026-03-26
1434,1950000,suburb,21.2,45000,2026-05-25
1435,1850000,inner,23.9,30000,2026-05-15
1436,870000,remote,24.3,70000,2026-05-06
1437,830000,remote,3.1,70000,2026-03-08
1438,2990000,suburb,6.7,45000,2026-03-15
1439,1100000,inner,8.1,30000,2026-01-22
1440,800000,suburb,13.6,45000,2026-06-15
1441,2780000,inner,23.0,30000,2026-05-04
1442,2600000,suburb,23.2,45000,2026-03-15
1443,70000,inner,17.7,30000,2026-06-21
1444,1530000,suburb,14.2,45000,2026-03-26
1445,1780000,suburb,12.1,45000,2026-02-24
1446,760000,inner,0.8,30000,2026-02-10
1447,1170000,remote,2.5,70000,2026-08-12
1448,1040000,inner,23.4,30000,2026-04-26
1449,1050000,suburb,13.6,45000,2026-01-03
1450,490000,suburb,12.4,45000,2026-07-07
1451,2660000,remote,9.2,70000,2026-01-22
1452,2230000,inner,9.4,30000,2026-06-13
1453,1810000,suburb,24.4,45000,2026-06-10
1454,490000,remote,22.2,70000,2026-04-24
1455,2170000,remote,4.3,70000,2026-08-10
1456,2220000,remote,20.9,70000,2026-07-05
1457,490000,remote,7.7,70000,2026-03-07
1458,1760000,remote,19.0,70000,2026-02-19
1459,80000,inner,22.9,30000,2026-07-21
1460,940000,suburb,14.3,45000,2026-08-23
1461,1070000,inner,9.7,30000,2026-03-27
1462,2560000,remote,20.7,70000,2026-01-27
1463,1600000,remote,18.5,70000,2026-08-18
1464,180000,inner,6.7,30000,2026-01-05
1465,2460000,remote,16.7,70000,2026-02-21
1466,2180000,suburb,22.7,45000,2026-03-16
1467,1300000,remote,19.2,70000,2026-01-04
1468,390000,suburb,12.1,45000,2026-06-19
1469,1370000,suburb,20.5,45000,2026-08-23
1470,2670000,suburb,6.6,45000,2026-01-28
1471,340000,remote,11.6,70000,2026-03-11
1472,740000,remote,1.5,70000,2026-06-06
1473,2190000,suburb,7.4,45000,2026-06-02
1474,440000,remote,15.8,70000,2026-04-25
1475,900000,inner,8.0,30000,2026-06-28
1476,1590000,remote,17.5,70000,2026-05-22
1477,540000,suburb,3.8,45000,2026-06-27
1478,2700000,inner,19.5,30000,2026-05-12
1479,1790000,suburb,5.6,45000,2026-03-04
1480,1180000,remote,22.4,70000,2026-04-26
1481,2740000,remote,11.6,70000,2026-02-14
1482,640000,inner,12.1,30000,2026-03-01
1483,1900000,suburb,11.2,45000,2026-03-27
1484,2720000,remote,17.8,70000,2026-06-06
1485,650000,inner,21.4,30000,2026-04-05
1486,1210000,inner,5.4,30000,2026-05-05
1487,2220000,inner,0.7,30000,2026-02-03
1488,2250000,suburb,2.9,45000,2026-01-07
1489,2670000,remote,3.1,70000,2026-01-16
1490,270000,suburb,16.8,45000,2026-02-10
1491,680000,inner,22.5,30000,2026-04-19
1492,1840000,inner,3.8,30000,2026-01-03
1493,1470000,remote,4.2,70000,2026-06-12
1494,1280000,remote,20.5,70000,2026-02-04
1495,2750000,inner,5.0,30000,2026-04-23
1496,920000,suburb,2.6,45000,2026-01-24
1497,2630000,inner,17.5,30000,2026-08-12
1498,2300000,inner,20.9,30000,2026-02-06
1499,2220000,suburb,5.8,45000,2026-04-17
1500,1650000,inner,2.9,30000,2026-02-15
1501,2580000,inner,7.3,30000,2026-06-23
1502,250000,remote,12.4,70000,2026-02-11
1503,1500000,suburb,18.5,45000,2026-08-20
1504,2320000,remote,10.3,70000,2026-04-18
1505,1010000,suburb,20.1,45000,2026-02-27
1506,1930000,remote,25.0,70000,2026-03-01
1507,580000,suburb,13.2,45000,2026-07-15
1508,480000,remote,10.0,70000,2026-02-05
1509,570000,remote,9.2,70000,2026-03-03
1510,1780000,inner,21.1,30000,2026-04-20
1511,670000,suburb,10.7,45000,2026-04-27
1512,1470000,suburb,19.8,45000,2026-05-25
1513,2090000,remote,16.7,70000,2026-06-16
1514,2530000,suburb,19.2,45000,2026-05-05
1515,670000,inner,12.5,30000,2026-05-16
1516,730000,remote,18.5,70000,2026-01-04
1517,2600000,inner,9.7,30000,2026-01-06
1518,1720000,remote,15.6,70000,2026-03-10
1519,440000,inner,11.8,30000,2026-08-26
1520,2590000,suburb,6.7,45000,2026-08-17
1521,2810000,suburb,1.0,45000,2026-01-25
1522,650000,suburb,8.0,45000,2026-07-15
1523,2310000,suburb,1.0,45000,2026-08-02
1524,1600000,remote,10.9,70000,2026-03-16
1525,2040000,suburb,2.9,45000,2026-08-25
1526,2560000,remote,14.1,70000,2026-08-16
1527,2640000,inner,6.7,30000,2026-01-13
1528,1980000,remote,24.4,70000,2026-06-25
1529,360000,suburb,1.3,45000,2026-01-19
1530,1830000,suburb,22.3,45000,2026-01-25
1531,1990000,suburb,8.8,45000,2026-02-14
1532,2150000,suburb,16.6,45000,2026-06-02
1533,1250000,inner,2.3,30000,2026-05-19
1534,380000,remote,8.6,70000,2026-05-04
1535,2800000,inner,11.6,30000,2026-06-02
1536,2950000,suburb,0.7,45000,2026-07-09
1537,160000,suburb,14.3,45000,2026-06-13
1538,2980000,suburb,12.3,45000,2026-02-26
1539,1100000,remote,12.7,70000,2026-06-16
1540,1780000,remote,7.6,70000,2026-03-20
1541,1080000,suburb,21.2,45000,2026-08-21
1542,2790000,inner,6.8,30000,2026-04-10
1543,2980000,suburb,5.8,45000,2026-07-26
1544,520000,remote,8.6,70000,2026-02-19
1545,2950000,inner,5.4,30000,2026-08-14
1546,1590000,inner,16.7,30000,2026-05-14
1547,1070000,suburb,6.4,45000,2026-07-13
1548,2370000,remote,15.8,70000,2026-03-01
1549,1000000,remote,16.6,70000,2026-08-07
1550,2440000,remote,13.4,70000,2026-05-21
1551,2270000,remote,5.2,70000,2026-01-17
1552,800000,suburb,18.7,45000,2026-04-05
1553,2270000,suburb,21.5,45000,2026-07-11
1554,1090000,inner,20.6,30000,2026-07-09
1555,870000,remote,15.1,70000,2026-05-22
1556,1270000,suburb,5.0,45000,2026-02-05
1557,1630000,inner,14.1,30000,2026-08-16
1558,2210000,suburb,4.2,45000,2026-01-07
1559,190000,inner,20.1,30000,2026-05-26
1560,2860000,remote,21.3,70000,2026-03-21
1561,2530000,remote,21.5,70000,2026-01-02
1562,1650000,inner,1.8,30000,2026-05-28
1563,1910000,suburb,23.6,45000,2026-02-13
1564,760000,remote,14.4,70000,2026-04-04
1565,660000,remote,22.1,70000,2026-05-16
1566,670000,inner,20.8,30000,2026-06-11
1567,2040000,remote,5.6,70000,2026-04-14
1568,940000,inner,11.1,30000,2026-04-09
1569,330000,suburb,9.5,45000,2026-08-18
1570,1670000,inner,17.1,30000,2026-07-16
1571,790000,suburb,17.9,45000,2026-06-16
1572,150000,suburb,18.5,45000,2026-01-27
1573,1270000,inner,9.7,30000,2026-05-18
1574,1900000,remote,21.7,70000,2026-02-18
1575,2030000,suburb,23.2,45000,2026-01-13
1576,1590000,suburb,19.0,45000,2026-02-27
1577,1120000,suburb,15.9,45000,2026-03-15
1578,2130000,remote,21.7,70000,2026-01-09
1579,2460000,suburb,8.5,45000,2026-07-27
1580,560000,suburb,6.7,45000,2026-03-23
1581,1850000,inner,18.3,30000,2026-07-20
1582,1720000,remote,0.9,70000,2026-08-23
1583,990000,inner,16.1,30000,2026-08-26
1584,2100000,inner,7.8,30000,2026-04-21
1585,470000,remote,6.4,70000,2026-02-06
1586,710000,remote,23.5,70000,2026-07-26
1587,2490000,suburb,4.5,45000,2026-03-09
1588,1720000,remote,2.3,70000,2026-05-07
1589,980000,suburb,23.6,45000,2026-07-13
1590,1190000,remote,23.1,70000,2026-01-01
1591,1220000,remote,5.1,70000,2026-02-15
1592,910000,remote,15.5,70000,2026-01-13
1593,1380000,remote,24.0,70000,2026-03-03
1594,2950000,inner,18.0,30000,2026-02-01
1595,2370000,suburb,5.8,45000,2026-08-04
1596,1020000,inner,18.7,30000,2026-05-10
1597,710000,suburb,5.3,45000,2026-07-28
1598,1490000,inner,4.7,30000,2026-04-14
1599,190000,inner,6.0,30000,2026-05-09
1600,1320000,suburb,17.2,45000,2026-06-19
1601,480000,suburb,3.5,45000,2026-01-16
1602,2080000,suburb,9.7,45000,2026-04-23
1603,1360000,suburb,14.0,45000,2026-02-04
1604,1750000,inner,22.7,30000,2026-04-16
1605,280000,remote,12.7,70000,2026-01-09
1606,1590000,suburb,9.4,45000,2026-07-22
1607,260000,remote,4.4,70000,2026-03-09
1608,1780000,suburb,2.4,45000,2026-08-05
1609,2760000,remote,6.7,70000,2026-07-05
1610,270000,suburb,21.8,45000,2026-03-16
1611,1890000,suburb,22.6,45000,2026-07-10
1612,1400000,suburb,22.3,45000,2026-06-14
1613,2560000,suburb,21.4,45000,2026-03-18
1614,2300000,remote,3.9,70000,2026-01-07
1615,980000,inner,6.7,30000,2026-01-16
1616,2440000,remote,24.9,70000,2026-07-04
1617,250000,suburb,24.7,45000,2026-08-12
1618,2530000,remote,3.0,70000,2026-08-16
1619,800000,remote,2.5,70000,2026-02-12
1620,970000,suburb,12.8,45000,2026-03-24
1621,2930000,suburb,25.0,45000,2026-04-19
1622,2740000,inner,23.0,30000,2026-03-14
1623,2600000,inner,0.8,30000,2026-02-11
1624,670000,remote,14.8,70000,2026-07-12
1625,1700000,inner,2.2,30000,2026-03-01
1626,2500000,remote,23.9,70000,2026-08-21
1627,70000,remote,16.5,70000,2026-06-02
1628,1710000,suburb,21.6,45000,2026-03-07
1629,1490000,remote,1.6,70000,2026-06-26
1630,2850000,inner,10.1,30000,2026-07-03
1631,1270000,inner,0.7,30000,2026-07-03
1632,880000,inner,10.2,30000,2026-07-25
1633,830000,remote,12.4,70000,2026-02-10
1634,1630000,suburb,16.7,45000,2026-03-12
1635,2670000,suburb,11.2,45000,2026-04-16
1636,2480000,suburb,15.1,45000,2026-05-19
1637,2210000,inner,4.8,30000,2026-06-20
1638,2230000,remote,12.9,70000,2026-02-02
1639,1190000,suburb,13.3,45000,2026-03-16
1640,2730000,remote,11.8,70000,2026-02-10
1641,2490000,inner,24.6,30000,2026-05-05
1642,1580000,remote,10.8,70000,2026-04-17
1643,290000,remote,12.9,70000,2026-02-02
1644,2220000,remote,11.7,70000,2026-07-04
1645,2960000,remote,6.5,70000,2026-05-12
1646,2620000,inner,18.6,30000,2026-01-04
1647,960000,suburb,9.9,45000,2026-03-27
1648,2180000,inner,14.8,30000,2026-05-11
1649,2350000,suburb,24.2,45000,2026-05-11
1650,1130000,inner,18.7,30000,2026-03-03
1651,1370000,remote,13.5,70000,2026-02-14
1652,2070000,inner,4.5,30000,2026-02-01
1653,2400000,suburb,16.5,45000,2026-07-28
1654,2540000,remote,20.4,70000,2026-05-20
1655,1890000,remote,7.7,70000,2026-07-26
1656,740000,inner,3.0,30000,2026-01-07
1657,1010000,inner,12.1,30000,2026-01-07
1658,1280000,inner,15.7,30000,2026-07-27
1659,1020000,remote,19.3,70000,2026-02-10
1660,2470000,inner,3.1,30000,2026-07-01
1661,2320000,inner,0.7,30000,2026-08-16
1662,1290000,suburb,14.3,45000,2026-04-10
1663,310000,suburb,2.7,45000,2026-06-01
1664,2260000,remote,12.5,70000,2026-07-28
1665,2880000,remote,12.3,70000,2026-05-02
1666,2670000,suburb,17.9,45000,2026-08-08
1667,140000,remote,8.0,70000,2026-07-19
1668,1420000,inner,3.1,30000,2026-07-16
1669,1820000,remote,11.0,70000,2026-08-23
1670,1520000,inner,8.7,30000,2026-04-16
1671,2640000,inner,22.7,30000,2026-04-19
1672,2440000,suburb,18.1,45000,2026-03-10
1673,2180000,suburb,11.9,45000,2026-06-26
1674,1110000,inner,18.8,30000,2026-05-23
1675,2520000,remote,5.1,70000,2026-03-06
1676,2560000,remote,10.5,70000,2026-02-26
1677,1600000,suburb,14.0,45000,2026-04-07
1678,1880000,inner,17.0,30000,2026-05-12
1679,2620000,inner,1.8,30000,2026-01-26
1680,630000,suburb,14.1,45000,2026-04-04
1681,1370000,suburb,9.0,45000,2026-06-26
1682,2900000,inner,21.4,30000,2026-05-05
1683,580000,remote,20.0,70000,2026-01-15
1684,590000,inner,14.1,30000,2026-02-27
1685,580000,remote,3.1,70000,2026-03-21
1686,1900000,inner,7.4,30000,2026-03-24
1687,2640000,suburb,21.8,45000,2026-08-24
1688,1910000,inner,3.6,30000,2026-06-27
1689,2290000,inner,19.3,30000,2026-07-25
1690,2470000,inner,12.7,30000,2026-06-10
1691,1410000,inner,18.9,30000,2026-06-23
1692,1300000,suburb,18.9,45000,2026-03-25
1693,1210000,suburb,10.8,45000,2026-03-26
1694,2390000,suburb,11.2,45000,2026-06-01
1695,2690000,inner,8.6,30000,2026-02-03
1696,890000,suburb,10.0,45000,2026-07-02
1697,820000,inner,24.5,30000,2026-01-21
1698,2710000,remote,10.2,70000,2026-05-14
1699,2880000,remote,18.6,70000,2026-05-24
1700,90000,suburb,15.3,45000,2026-05-17
1701,2110000,inner,5.3,30000,2026-08-21
1702,2310000,remote,19.6,70000,2026-06-26
1703,1060000,suburb,1.1,45000,2026-05-03
1704,2040000,suburb,24.8,45000,2026-03-17
1705,1140000,suburb,13.9,45000,2026-02-17
1706,1790000,remote,0.9,70000,2026-03-01
1707,1370000,remote,19.4,70000,2026-04-27
1708,2210000,remote,1.7,70000,2026-02-24
1709,1370000,suburb,1.4,45000,2026-06-04
1710,680000,remote,14.4,70000,2026-08-10
1711,2370000,inner,20.2,30000,2026-06-08
1712,2940000,remote,7.6,70000,2026-04-12
1713,2980000,remote,9.6,70000,2026-03-23
1714,1310000,remote,13.0,70000,2026-02-11
1715,1890000,inner,3.8,30000,2026-08-04
1716,2150000,suburb,1.7,45000,2026-02-03
1717,2480000,inner,2.1,30000,2026-04-15
1718,2740000,remote,14.1,70000,2026-07-19
1719,1400000,suburb,10.7,45000,2026-08-21
1720,2550000,suburb,4.2,45000,2026-07-27
1721,700000,remote,11.6,70000,2026-08-23
1722,2670000,remote,5.5,70000,2026-02-23
1723,210000,suburb,9.4,45000,2026-03-18
1724,2140000,inner,9.4,30000,2026-02-04
1725,250000,suburb,9.4,45000,2026-03-04
1726,1600000,suburb,0.9,45000,2026-05-16
1727,770000,inner,23.4,30000,2026-07-02
1728,1500000,suburb,20.5,45000,2026-04-06
1729,60000,suburb,8.8,45000,2026-02-18
1730,2180000,inner,7.9,30000,2026-08-19
1731,1770000,suburb,20.9,45000,2026-07-16
1732,720000,remote,16.0,70000,2026-03-17
1733,2340000,suburb,18.3,45000,2026-03-28
1734,2140000,inner,22.5,30000,2026-07-08
1735,2810000,suburb,22.3,45000,2026-01-22
1736,1470000,remote,4.3,70000,2026-02-28
1737,2970000,inner,16.2,30000,2026-05-18
1738,2910000,remote,23.9,70000,2026-02-07
1739,320000,remote,12.0,70000,2026-04-25
1740,660000,inner,7.0,30000,2026-03-01
1741,1300000,inner,20.2,30000,2026-08-03
1742,1690000,remote,1.3,70000,2026-07-19
1743,1790000,inner,10.5,30000,2026-07-06
1744,1670000,remote,2.5,70000,2026-07-09
1745,2820000,inner,3.8,30000,2026-03-10
1746,500000,suburb,23.8,45000,2026-03-10
1747,910000,remote,24.0,70000,2026-01-20
1748,180000,inner,9.9,30000,2026-01-10
1749,770000,suburb,6.6,45000,2026-07-11
1750,310000,inner,18.9,30000,2026-04-08
1751,1260000,remote,18.9,70000,2026-08-17
1752,630000,suburb,8.1,45000,2026-05-02
1753,2130000,remote,0.9,70000,2026-02-16
1754,1240000,remote,13.9,70000,2026-01-09
1755,560000,remote,14.0,70000,2026-04-25
1756,1600000,inner,2.3,30000,2026-07-15
1757,2610000,remote,24.2,70000,2026-04-26
1758,2810000,suburb,6.3,45000,2026-03-26
1759,2890000,suburb,0.2,45000,2026-08-02
1760,1530000,suburb,1.7,45000,2026-03-01
1761,1440000,suburb,17.1,45000,2026-05-27
1762,1130000,suburb,4.2,45000,2026-05-02
1763,2930000,remote,2.4,70000,2026-02-10
1764,670000,remote,14.0,70000,2026-03-24
1765,2260000,suburb,12.7,45000,2026-04-20
1766,1800000,suburb,17.8,45000,2026-05-25
1767,1300000,suburb,5.4,45000,2026-06-11
1768,1730000,remote,3.5,70000,2026-01-23
1769,2480000,inner,16.9,30000,2026-01-01
1770,2890000,suburb,9.9,45000,2026-08-25
1771,440000,inner,20.4,30000,2026-01-27
1772,680000,suburb,9.5,45000,2026-06-27
1773,1880000,remote,21.0,70000,2026-07-06
1774,90000,remote,9.4,70000,2026-02-15
1775,2320000,inner,18.6,30000,2026-01-08
1776,1880000,suburb,20.4,45000,2026-04-03
1777,1600000,remote,24.5,70000,2026-04-08
1778,230000,suburb,22.6,45000,2026-05-16
1779,1120000,remote,24.6,70000,2026-01-07
1780,2070000,remote,7.1,70000,2026-02-28
1781,2570000,remote,5.0,70000,2026-03-18
1782,2940000,remote,14.8,70000,2026-03-03
1783,380000,remote,23.4,70000,2026-03-09
1784,2720000,inner,21.2,30000,2026-05-07
1785,2770000,inner,14.1,30000,2026-05-22
1786,60000,suburb,16.9,45000,2026-07-21
1787,310000,remote,21.1,70000,2026-06-14
1788,1450000,suburb,13.1,45000,2026-02-22
1789,1900000,suburb,5.8,45000,2026-01-24
1790,2200000,suburb,0.3,45000,2026-08-11
1791,1760000,inner,20.2,30000,2026-02-19
1792,1200000,remote,22.9,70000,2026-07-03
1793,890000,inner,1.8,30000,2026-06-10
1794,540000,remote,10.9,70000,2026-01-16
1795,1760000,inner,2.9,30000,2026-05-08
1796,1790000,inner,8.5,30000,2026-01-27
1797,420000,inner,2.6,30000,2026-08-25
1798,680000,suburb,22.9,45000,2026-02-02
1799,1650000,suburb,3.4,45000,2026-02-26
1800,330000,suburb,15.7,45000,2026-05-20
1801,570000,inner,1.5,30000,2026-01-18
1802,2100000,suburb,18.8,45000,2026-02-20
1803,100000,inner,11.7,30000,2026-08-13
1804,560000,suburb,23.5,45000,2026-06-21
1805,2370000,inner,5.0,30000,2026-06-19
1806,110000,inner,19.8,30000,2026-02-19
1807,2980000,inner,12.8,30000,2026-03-21
1808,2200000,suburb,15.6,45000,2026-08-24
1809,1290000,inner,1.3,30000,2026-03-26
1810,1640000,inner,24.0,30000,2026-07-17
1811,1640000,suburb,11.8,45000,2026-03-05
1812,1800000,remote,24.3,70000,2026-05-12
1813,790000,remote,12.8,70000,2026-01-08
1814,320000,remote,5.0,70000,2026-07-12
1815,1080000,inner,4.9,30000,2026-02-11
1816,2440000,suburb,14.5,45000,2026-06-28
1817,1580000,suburb,4.2,45000,2026-07-11
1818,260000,suburb,23.0,45000,2026-08-08
1819,1190000,remote,15.7,70000,2026-04-15
1820,2510000,inner,18.6,30000,2026-06-26
1821,2090000,inner,24.7,30000,2026-03-27
1822,100000,suburb,0.9,45000,2026-02-12
1823,770000,inner,5.0,30000,2026-05-15
1824,1890000,remote,5.1,70000,2026-01-01
1825,940000,suburb,18.0,45000,2026-04-09
1826,2880000,suburb,5.1,45000,2026-04-06
1827,1390000,inner,20.8,30000,2026-02-01
1828,1990000,inner,23.4,30000,2026-02-11
1829,2380000,suburb,20.3,45000,2026-04-12
1830,920000,remote,1.8,70000,2026-07-23
1831,710000,inner,13.4,30000,2026-04-07
1832,1960000,remote,10.9,70000,2026-06-20
1833,1300000,remote,15.5,70000,2026-01-25
1834,2790000,inner,3.9,30000,2026-05-26
1835,320000,inner,3.3,30000,2026-05-28
1836,2550000,remote,2.2,70000,2026-04-24
1837,380000,suburb,9.8,45000,2026-03-17
1838,2650000,remote,13.1,70000,2026-06-16
1839,1690000,inner,17.4,30000,2026-06-17
1840,2580000,remote,14.6,70000,2026-08-09
1841,230000,remote,22.4,70000,2026-04-08
1842,1250000,suburb,7.8,45000,2026-07-07
1843,2970000,suburb,9.5,45000,2026-03-27
1844,480000,remote,2.3,70000,2026-03-25
1845,2700000,suburb,14.7,45000,2026-06-08
1846,2670000,suburb,11.4,45000,2026-06-14
1847,2140000,suburb,12.5,45000,2026-06-26
1848,2000000,suburb,11.2,45000,2026-01-06
1849,430000,suburb,7.5,45000,2026-06-03
1850,2670000,remote,7.1,70000,2026-02-26
1851,550000,inner,9.1,30000,2026-02-03
1852,1070000,remote,16.9,70000,2026-06-07
1853,1590000,suburb,17.7,45000,2026-05-07
1854,2830000,inner,19.3,30000,2026-05-01
1855,1820000,suburb,20.6,45000,2026-07-13
1856,110000,remote,12.9,70000,2026-08-21
1857,2080000,inner,18.1,30000,2026-04-08
1858,2470000,inner,14.8,30000,2026-04-17
1859,2440000,remote,19.8,70000,2026-08-11
1860,1010000,suburb,23.6,45000,2026-07-25
1861,1120000,suburb,21.4,45000,2026-08-15
1862,1960000,inner,21.9,30000,2026-03-19
1863,90000,suburb,16.5,45000,2026-08-26
1864,1780000,suburb,10.8,45000,2026-04-14
1865,2800000,suburb,14.8,45000,2026-05-11
1866,210000,remote,24.4,70000,2026-03-05
1867,2950000,suburb,5.3,45000,2026-07-13
1868,370000,suburb,12.0,45000,2026-07-07
1869,2960000,suburb,22.4,45000,2026-08-21
1870,920000,inner,13.9,30000,2026-02-22
1871,2550000,inner,5.1,30000,2026-01-06
1872,1500000,suburb,7.4,45000,2026-04-08
1873,400000,remote,9.3,70000,2026-08-02
1874,920000,inner,22.8,30000,2026-06-28
1875,850000,suburb,13.5,45000,2026-02-05
1876,400000,suburb,5.3,45000,2026-07-28
1877,1630000,inner,17.8,30000,2026-07-27
1878,860000,suburb,5.2,45000,2026-05-19
1879,2390000,remote,0.4,70000,2026-05-07
1880,2330000,inner,10.1,30000,2026-02-27
1881,2740000,inner,22.0,30000,2026-06-19
1882,2410000,suburb,2.5,45000,2026-01-24
1883,2380000,remote,21.1,70000,2026-06-23
1884,2050000,suburb,6.4,45000,2026-03-14
1885,2260000,remote,22.8,70000,2026-08-13
1886,2960000,inner,17.5,30000,2026-02-13
1887,1270000,inner,22.1,30000,2026-03-09
1888,1540000,remote,18.2,70000,2026-02-23
1889,2570000,inner,13.9,30000,2026-07-25
1890,440000,suburb,19.2,45000,2026-02-17
1891,2140000,suburb,6.5,45000,2026-08-06
1892,270000,remote,2.0,70000,2026-08-01
1893,2410000,remote,18.7,70000,2026-07-11
1894,2080000,inner,6.4,30000,2026-01-01
1895,740000,remote,18.8,70000,2026-06-22
1896,2410000,suburb,13.8,45000,2026-02-03
1897,2290000,inner,20.5,30000,2026-03-16
1898,920000,inner,2.7,30000,2026-01-20
1899,680000,suburb,2.1,45000,2026-07-06
1900,1440000,inner,9.1,30000,2026-03-15
1901,220000,inner,17.5,30000,2026-04-15
1902,2720000,remote,17.3,70000,2026-02-13
1903,310000,suburb,19.4,45000,2026-01-02
1904,1320000,inner,5.2,30000,2026-06-08
1905,2200000,inner,8.6,30000,2026-01-01
1906,370000,inner,20.0,30000,2026-04-04
1907,900000,remote,10.5,70000,2026-03-02
1908,1720000,inner,15.7,30000,2026-06-18
1909,1110000,remote,3.2,70000,2026-07-14
1910,590000,inner,4.5,30000,2026-06-11
1911,1660000,suburb,5.5,45000,2026-01-13
1912,380000,inner,15.7,30000,2026-05-21
1913,390000,inner,7.7,30000,2026-04-14
1914,2600000,remote,13.5,70000,2026-02-23
1915,920000,remote,15.1,70000,2026-05-04
1916,2030000,remote,4.5,70000,2026-03-11
1917,1670000,remote,8.5,70000,2026-08-03
1918,2340000,remote,16.1,70000,2026-07-17
1919,2620000,inner,0.7,30000,2026-01-08
1920,1630000,inner,10.8,30000,2026-04-24
1921,450000,inner,9.5,30000,2026-01-05
1922,1080000,suburb,5.3,45000,2026-03-13
1923,1260000,inner,22.0,30000,2026-08-24
1924,1470000,inner,19.7,30000,2026-06-21
1925,2710000,inner,20.4,30000,2026-07-21
1926,1220000,inner,6.2,30000,2026-06-11
1927,320000,remote,17.2,70000,2026-04-26
1928,1180000,remote,8.2,70000,2026-07-17
1929,80000,suburb,12.4,45000,2026-02-28
1930,310000,inner,3.3,30000,2026-03-07
1931,2860000,inner,12.8,30000,2026-04-08
1932,2440000,suburb,18.1,45000,2026-05-06
1933,2220000,inner,6.4,30000,2026-03-20
1934,2340000,suburb,21.6,45000,2026-04-09
1935,450000,suburb,9.6,45000,2026-06-13
1936,2300000,suburb,15.3,45000,2026-07-17
1937,840000,suburb,19.1,45000,2026-08-01
1938,470000,suburb,13.5,45000,2026-05-20
1939,940000,remote,11.7,70000,2026-05-13
1940,1500000,suburb,15.2,45000,2026-07-18
1941,1750000,inner,11.8,30000,2026-03-23
1942,1020000,inner,21.6,30000,2026-01-01
1943,1960000,remote,23.2,70000,2026-08-13
1944,1960000,suburb,7.8,45000,2026-07-16
1945,410000,remote,24.8,70000,2026-07-02
1946,2020000,inner,19.1,30000,2026-03-07
1947,1830000,suburb,17.3,45000,2026-08-21
1948,340000,remote,18.4,70000,2026-07-14
1949,2490000,inner,9.2,30000,2026-01-27
1950,190000,remote,15.2,70000,2026-03-09
1951,800000,remote,15.1,70000,2026-05-08
1952,870000,remote,19.3,70000,2026-01-04
1953,2010000,remote,14.7,70000,2026-07-23
1954,2700000,inner,4.3,30000,2026-04-14
1955,1340000,suburb,24.2,45000,2026-05-17
1956,2000000,remote,10.4,70000,2026-05-24
1957,500000,remote,14.4,70000,2026-02-21
1958,780000,suburb,5.4,45000,2026-05-24
1959,2080000,remote,24.7,70000,2026-05-01
1960,50000,suburb,19.4,45000,2026-02-03
1961,2730000,suburb,7.4,45000,2026-07-21
1962,920000,suburb,4.8,45000,2026-03-12
1963,1060000,inner,12.7,30000,2026-08-06
1964,2350000,inner,5.2,30000,2026-04-06
1965,980000,remote,24.6,70000,2026-04-09
1966,2300000,suburb,16.0,45000,2026-02-28
1967,1550000,inner,3.3,30000,2026-02-13
1968,1800000,inner,6.0,30000,2026-01-19
1969,560000,suburb,6.8,45000,2026-01-02
1970,260000,inner,13.2,30000,2026-02-07
1971,1970000,inner,11.9,30000,2026-05-16
1972,2240000,suburb,17.1,45000,2026-06-12
1973,1660000,suburb,16.7,45000,2026-04-12
1974,340000,suburb,8.4,45000,2026-06-28
1975,60000,inner,17.5,30000,2026-08-28
1976,760000,remote,3.2,70000,2026-01-20
1977,1480000,remote,11.4,70000,2026-04-12
1978,2480000,remote,4.9,70000,2026-07-22
1979,1690000,remote,9.1,70000,2026-01-21
1980,1710000,inner,15.2,30000,2026-08-08
1981,460000,suburb,23.5,45000,2026-06-14
1982,560000,suburb,15.3,45000,2026-07-10
1983,780000,remote,12.5,70000,2026-01-05
1984,1590000,inner,22.4,30000,2026-08-06
1985,2510000,inner,5.4,30000,2026-04-08
1986,500000,remote,24.8,70000,2026-02-14
1987,870000,inner,19.2,30000,2026-06-13
1988,1360000,inner,3.3,30000,2026-08-22
1989,2780000,inner,19.9,30000,2026-08-03
1990,1190000,suburb,8.7,45000,2026-02-21
1991,2000000,remote,6.0,70000,2026-07-26
1992,640000,suburb,3.0,45000,2026-05-03
1993,1010000,suburb,9.3,45000,2026-02-19
1994,1990000,suburb,1.7,45000,2026-01-10
1995,1020000,remote,8.1,70000,2026-07-14
1996,690000,suburb,10.0,45000,2026-04-04
1997,2400000,remote,20.4,70000,2026-06-05
1998,1170000,suburb,11.5,45000,2026-08-22
1999,1500000,remote,16.7,70000,2026-03-24
2000,220000,remote,12.7,70000,2026-06-10
